Player,Pos_x,Age_x,Tm_x,G,MP,PER,TS%,3PAr,FTr,ORB%,DRB%,TRB%,AST%,STL%,BLK%,TOV%,USG%,OWS,DWS,WS,WS/48,OBPM,DBPM,BPM,VORP,Year,SeasonType_x,MPG,G_p,MP_p,PER_p,TS%_p,3PAr_p,FTr_p,ORB%_p,DRB%_p,TRB%_p,AST%_p,STL%_p,BLK%_p,TOV%_p,USG%_p,OWS_p,DWS_p,WS_p,WS/48_p,OBPM_p,DBPM_p,BPM_p,VORP_p,SeasonType_y,MPG_p,PER_diff,VORP_diff,WS/48_diff,abs_WS_diff
Aaron Gordon,PF,23,ORL,78,2633,15.1,0.538,0.332,0.242,5.2,18.4,11.7,16.6,1.1,1.8,12.3,21.8,1.8,3.3,5.1,0.093,0.3,0.3,0.6,1.7,2019,Regular Season,33.756410256410255,5,164,15.3,0.54,0.323,0.306,6.8,17.9,12.0,22.2,1.8,0.6,15.6,22.5,0.0,0.1,0.2,0.048,1.7,1.8,3.5,0.2,Playoffs,32.8,0.200000000000001,-1.5,-0.045,0.045
Aaron Gordon,PF,26,DEN,75,2376,15.3,0.602,0.312,0.276,6.1,14.3,10.3,11.6,0.9,1.7,12.5,19.7,3.2,2.0,5.2,0.105,0.5,-1.1,-0.6,0.9,2022,Regular Season,31.68,5,160,15.7,0.52,0.278,0.519,13.5,14.4,13.9,12.0,0.6,3.9,10.8,20.2,0.3,0.0,0.2,0.063,0.9,-2.2,-1.3,0.0,Playoffs,32.0,0.3999999999999986,-0.9,-0.0419999999999999,0.0419999999999999
Aaron Gordon,PF,27,DEN,68,2055,19.5,0.617,0.227,0.413,9.4,15.4,12.5,14.2,1.3,2.2,9.8,21.1,4.6,2.2,6.8,0.158,2.4,-0.3,2.1,2.1,2023,Regular Season,30.22058823529412,20,713,14.1,0.588,0.236,0.354,8.3,11.2,9.8,9.9,0.8,1.6,8.2,15.5,1.4,0.7,2.1,0.142,0.4,-0.6,-0.2,0.3,Playoffs,35.65,-5.4,-1.8,-0.016,0.016
Al Horford,C,32,BOS,68,1973,20.2,0.605,0.281,0.131,6.5,18.3,12.4,21.2,1.4,3.9,11.8,18.9,4.5,2.9,7.5,0.181,3.3,1.9,5.1,3.6,2019,Regular Season,29.014705882352946,9,310,14.2,0.53,0.4,0.164,4.5,21.4,13.3,21.7,0.6,2.1,13.9,19.4,0.1,0.5,0.7,0.105,1.5,1.3,2.8,0.4,Playoffs,34.44444444444444,-6.0,-3.2,-0.076,0.076
Al Horford,C,33,PHI,67,2025,15.7,0.536,0.399,0.113,5.6,19.3,12.4,19.2,1.2,2.6,9.7,17.5,2.8,2.6,5.4,0.128,1.3,1.0,2.2,2.2,2020,Regular Season,30.22388059701493,4,129,10.7,0.499,0.16,0.28,7.3,17.1,12.1,11.6,0.4,3.6,9.7,10.5,0.1,0.0,0.1,0.049,-1.8,0.4,-1.3,0.0,Playoffs,32.25,-5.0,-2.2,-0.079,0.079
Al Horford,C,35,BOS,69,2005,16.7,0.574,0.466,0.167,6.0,22.2,14.3,16.4,1.2,4.2,9.6,14.8,3.7,3.8,7.6,0.181,1.4,2.9,4.3,3.2,2022,Regular Season,29.057971014492757,23,815,16.6,0.663,0.508,0.187,5.0,23.9,14.8,14.6,1.2,3.5,12.2,13.1,1.7,1.5,3.2,0.187,2.2,3.8,6.0,1.7,Playoffs,35.43478260869565,-0.0999999999999978,-1.5000000000000002,0.006,0.006
Al Horford,C,36,BOS,63,1922,13.8,0.631,0.678,0.044,4.2,17.7,11.1,13.2,0.8,2.7,7.0,11.9,3.6,2.7,6.3,0.157,1.6,1.7,3.3,2.5,2023,Regular Season,30.50793650793651,20,617,12.8,0.497,0.712,0.03,5.7,20.4,13.3,12.5,1.8,4.9,7.6,10.6,0.6,0.9,1.5,0.118,-0.4,3.2,2.8,0.7,Playoffs,30.85,-1.0,-1.8,-0.039,0.039
Andre Drummond,C,25,DET,79,2647,23.4,0.555,0.036,0.392,16.8,34.7,25.4,7.2,2.5,4.4,12.4,22.9,4.1,5.9,10.0,0.181,1.3,0.8,2.1,2.7,2019,Regular Season,33.50632911392405,4,127,15.6,0.451,0.019,0.389,13.9,29.3,20.6,12.0,2.2,3.6,14.8,24.5,-0.2,0.1,-0.1,-0.042,-1.9,-1.0,-2.9,0.0,Playoffs,31.75,-7.799999999999999,-2.7,-0.223,0.223
Andrew Wiggins,SF,26,GSW,73,2329,15.0,0.56,0.392,0.231,4.1,10.9,7.6,10.8,1.6,2.1,9.0,23.1,1.8,3.4,5.1,0.105,0.3,0.1,0.4,1.4,2022,Regular Season,31.90410958904109,22,767,16.0,0.544,0.344,0.213,8.1,15.8,12.1,7.7,1.4,3.0,8.3,20.8,0.8,0.9,1.7,0.108,0.5,0.3,0.8,0.5,Playoffs,34.86363636363637,1.0,-0.8999999999999999,0.003,0.003
Andrew Wiggins,SF,27,GSW,37,1190,14.7,0.564,0.425,0.136,5.7,11.3,8.6,10.5,1.8,2.1,7.9,21.5,1.0,1.3,2.3,0.091,-0.1,-0.4,-0.5,0.5,2023,Regular Season,32.16216216216216,13,442,13.3,0.538,0.354,0.26,5.5,11.6,8.5,8.2,1.2,2.9,7.8,20.4,0.3,0.5,0.8,0.085,-1.3,0.4,-0.9,0.1,Playoffs,34.0,-1.3999999999999986,-0.4,-0.0059999999999999,0.0059999999999999
Anthony Davis,PF,26,LAL,62,2131,27.4,0.61,0.199,0.479,7.4,22.1,14.8,15.1,2.0,6.0,10.4,29.3,6.7,4.4,11.1,0.25,5.4,2.6,8.0,5.4,2020,Regular Season,34.37096774193548,21,769,29.6,0.665,0.167,0.499,8.5,22.7,15.6,16.1,1.7,3.8,10.8,27.8,3.3,1.2,4.5,0.284,6.5,2.1,8.7,2.1,Playoffs,36.61904761904762,2.200000000000003,-3.3000000000000003,0.0339999999999999,0.0339999999999999
Anthony Davis,C,29,LAL,56,1904,27.8,0.627,0.077,0.462,11.3,27.6,19.7,13.0,1.5,5.1,9.5,28.4,5.5,3.4,9.0,0.226,4.6,1.7,6.3,4.0,2023,Regular Season,34.0,16,608,24.0,0.599,0.059,0.425,7.0,30.9,19.7,10.7,1.8,7.4,10.1,24.2,1.1,1.4,2.6,0.202,2.8,3.0,5.7,1.2,Playoffs,38.0,-3.8000000000000007,-2.8,-0.0239999999999999,0.0239999999999999
Anthony Edwards,SG,20,MIN,72,2466,16.5,0.56,0.484,0.225,2.6,12.5,7.5,17.4,2.0,1.8,12.2,26.4,1.8,2.4,4.3,0.084,1.6,-0.4,1.2,2.0,2022,Regular Season,34.25,6,227,17.8,0.604,0.518,0.309,2.1,9.8,6.1,14.8,1.4,2.6,10.7,26.4,0.3,0.2,0.5,0.102,3.2,0.2,3.5,0.3,Playoffs,37.833333333333336,1.3000000000000007,-1.7,0.0179999999999999,0.0179999999999999
Anthony Edwards,SG,21,MIN,79,2842,17.4,0.564,0.375,0.274,1.9,15.9,9.0,19.3,2.1,1.8,13.0,29.9,0.2,3.6,3.8,0.064,1.0,0.0,1.0,2.1,2023,Regular Season,35.9746835443038,5,199,27.5,0.602,0.377,0.342,1.7,13.2,7.3,26.4,2.3,4.4,5.7,32.3,0.6,0.2,0.8,0.19,7.3,3.2,10.4,0.6,Playoffs,39.8,10.1,-1.5,0.126,0.126
Austin Reaves,SG,24,LAL,64,1843,14.9,0.687,0.441,0.541,2.0,9.0,5.6,15.7,0.8,0.9,14.0,16.2,4.1,1.4,5.4,0.142,0.6,0.1,0.7,1.2,2023,Regular Season,28.796875,16,579,15.4,0.616,0.454,0.294,3.9,8.9,6.5,18.2,0.8,0.5,10.2,18.5,1.2,0.4,1.6,0.135,2.0,0.2,2.2,0.6,Playoffs,36.1875,0.5,-0.6,-0.0069999999999999,0.0069999999999999
Austin Rivers,SG,28,DEN,36,845,9.9,0.551,0.608,0.127,1.1,9.6,5.4,13.2,1.8,0.2,12.2,15.4,0.4,0.9,1.3,0.072,-2.2,0.3,-1.9,0.0,2021,Regular Season,23.47222222222222,10,305,7.5,0.605,0.667,0.232,0.3,6.4,3.1,9.0,0.3,0.9,10.6,12.1,0.3,-0.1,0.1,0.022,-3.4,-1.0,-4.4,-0.2,Playoffs,30.5,-2.4000000000000004,-0.2,-0.0499999999999999,0.0499999999999999
Bam Adebayo,PF,22,MIA,72,2417,20.3,0.598,0.018,0.484,8.5,24.9,17.0,24.2,1.7,3.8,17.6,21.2,4.6,3.9,8.5,0.168,1.4,2.0,3.4,3.3,2020,Regular Season,33.56944444444444,19,687,20.8,0.625,0.005,0.523,8.2,24.2,16.5,20.5,1.4,2.3,14.8,21.0,1.7,0.9,2.6,0.18,2.3,1.8,4.1,1.0,Playoffs,36.1578947368421,0.5,-2.3,0.0119999999999999,0.0119999999999999
Bam Adebayo,C,23,MIA,64,2143,22.7,0.626,0.01,0.443,7.7,22.6,15.3,26.9,1.7,3.2,15.0,23.7,5.6,3.2,8.8,0.197,2.9,2.0,4.9,3.7,2021,Regular Season,33.484375,4,136,14.9,0.494,0.0,0.228,9.6,17.2,13.2,23.8,1.8,1.3,14.9,23.8,-0.1,0.1,0.0,0.011,0.4,0.5,0.9,0.1,Playoffs,34.0,-7.799999999999999,-3.6,-0.186,0.186
Bam Adebayo,C,24,MIA,56,1825,21.8,0.608,0.008,0.466,8.7,26.1,17.5,17.5,2.2,2.6,14.4,25.0,3.6,3.5,7.2,0.188,1.7,2.1,3.8,2.7,2022,Regular Season,32.589285714285715,18,614,17.9,0.638,0.006,0.434,6.9,21.3,13.8,12.6,1.5,2.3,15.4,17.9,1.2,1.0,2.2,0.169,0.9,2.0,2.9,0.8,Playoffs,34.111111111111114,-3.900000000000002,-1.9,-0.0189999999999999,0.0189999999999999
Bam Adebayo,C,25,MIA,75,2598,20.1,0.592,0.011,0.361,8.0,23.6,15.5,15.9,1.7,2.4,12.7,25.2,3.6,3.8,7.4,0.137,0.8,0.8,1.5,2.3,2023,Regular Season,34.64,23,850,15.8,0.53,0.009,0.274,8.3,22.5,15.3,15.9,1.2,1.8,13.8,23.8,0.3,1.1,1.4,0.078,-1.2,0.6,-0.6,0.3,Playoffs,36.95652173913044,-4.300000000000001,-2.0,-0.059,0.059
Ben Simmons,PG,22,PHI,79,2700,20.0,0.582,0.006,0.446,6.9,20.0,13.7,34.2,2.0,1.8,19.3,22.1,4.6,3.6,8.2,0.146,2.2,1.3,3.6,3.8,2019,Regular Season,34.177215189873415,12,421,18.0,0.625,0.0,0.345,6.5,14.9,10.9,26.3,1.7,2.6,19.3,16.6,0.8,0.6,1.4,0.161,1.6,2.0,3.7,0.6,Playoffs,35.083333333333336,-2.0,-3.2,0.015,0.015
Ben Simmons,PG,24,PHI,58,1877,18.3,0.584,0.017,0.492,5.6,18.7,12.2,31.3,2.4,1.7,19.6,20.2,2.7,3.3,6.0,0.153,0.7,2.2,2.9,2.3,2021,Regular Season,32.36206896551724,12,402,18.1,0.562,0.011,0.768,7.1,18.5,13.0,35.7,1.8,2.0,17.5,16.5,0.7,0.7,1.4,0.173,1.5,2.8,4.3,0.6,Playoffs,33.5,-0.1999999999999993,-1.6999999999999995,0.0199999999999999,0.0199999999999999
Bogdan Bogdanović,SG,28,ATL,44,1305,17.6,0.616,0.589,0.078,1.7,11.5,6.7,17.6,1.8,0.9,8.5,21.3,2.8,1.1,3.9,0.142,3.3,0.3,3.6,1.8,2021,Regular Season,29.65909090909091,18,598,10.9,0.493,0.574,0.068,2.0,11.6,6.8,13.4,2.4,0.7,9.5,21.0,-0.4,0.9,0.5,0.037,-0.1,0.5,0.4,0.4,Playoffs,33.22222222222222,-6.700000000000001,-1.4,-0.1049999999999999,0.1049999999999999
Bojan Bogdanović,SF,29,IND,81,2573,16.1,0.613,0.367,0.29,1.5,12.7,7.2,9.5,1.3,0.0,10.2,22.4,3.9,2.8,6.8,0.126,1.3,-0.6,0.7,1.7,2019,Regular Season,31.765432098765437,4,148,15.2,0.511,0.349,0.27,2.0,16.3,8.5,14.1,2.7,0.0,7.8,23.7,0.0,0.3,0.3,0.085,0.4,1.4,1.9,0.1,Playoffs,37.0,-0.9000000000000021,-1.6,-0.0409999999999999,0.0409999999999999
Bojan Bogdanović,SF,31,UTA,72,2216,14.0,0.588,0.498,0.286,2.0,11.1,6.7,9.1,1.0,0.1,10.9,22.8,2.7,2.5,5.2,0.113,0.2,-0.7,-0.4,0.9,2021,Regular Season,30.77777777777778,11,390,13.8,0.642,0.555,0.299,1.9,11.7,7.0,6.2,1.3,0.0,12.9,20.2,0.6,0.0,0.5,0.067,1.1,-0.6,0.5,0.2,Playoffs,35.45454545454545,-0.1999999999999993,-0.7,-0.046,0.046
Bojan Bogdanović,PF,32,UTA,69,2131,15.7,0.599,0.504,0.28,3.1,11.8,7.6,8.7,0.8,0.0,10.2,23.7,3.6,1.6,5.2,0.118,1.6,-1.6,0.0,1.1,2022,Regular Season,30.88405797101449,6,214,13.1,0.59,0.407,0.296,1.6,11.9,6.8,8.5,0.5,0.0,11.6,22.7,0.2,0.0,0.3,0.057,0.2,-0.7,-0.5,0.1,Playoffs,35.666666666666664,-2.6,-1.0,-0.0609999999999999,0.0609999999999999
Bradley Beal,SG,27,WAS,60,2147,22.7,0.593,0.27,0.332,3.6,10.4,7.0,21.3,1.5,0.9,10.6,34.1,4.2,1.7,5.9,0.132,4.8,-1.4,3.4,2.9,2021,Regular Season,35.78333333333333,5,195,17.5,0.54,0.26,0.293,3.2,14.5,8.7,19.3,1.0,1.2,12.6,34.1,-0.1,0.0,0.0,-0.01,3.9,-2.3,1.6,0.2,Playoffs,39.0,-5.199999999999999,-2.7,-0.142,0.142
Brandon Ingram,SF,24,NOP,55,1869,18.7,0.554,0.23,0.328,2.0,17.3,9.5,27.8,0.9,1.3,11.8,29.3,2.5,1.3,3.9,0.099,2.6,-0.6,2.0,1.9,2022,Regular Season,33.981818181818184,6,236,21.3,0.584,0.229,0.398,1.9,17.7,9.3,27.3,0.9,0.7,14.2,29.5,0.6,0.0,0.6,0.12,4.5,-0.5,3.9,0.4,Playoffs,39.333333333333336,2.6000000000000014,-1.5,0.0209999999999999,0.0209999999999999
Brook Lopez,C,31,MIL,68,1817,15.0,0.551,0.484,0.227,3.4,13.0,8.5,7.4,1.2,7.9,8.7,18.3,1.4,4.1,5.5,0.145,-0.4,2.5,2.0,1.9,2020,Regular Season,26.72058823529412,10,328,17.1,0.643,0.465,0.175,6.1,12.0,9.0,2.4,1.5,4.3,8.9,17.7,0.6,0.5,1.0,0.149,1.8,1.4,3.2,0.4,Playoffs,32.8,2.1000000000000014,-1.5,0.004,0.004
Brook Lopez,C,34,MIL,78,2373,18.4,0.63,0.405,0.211,7.2,15.3,11.4,6.1,0.7,6.7,9.8,19.3,4.1,3.9,8.0,0.161,0.8,1.3,2.1,2.5,2023,Regular Season,30.423076923076923,5,182,18.4,0.653,0.254,0.194,8.3,11.6,9.9,4.8,1.8,4.4,13.1,19.4,0.3,0.1,0.4,0.113,1.0,0.4,1.4,0.2,Playoffs,36.4,0.0,-2.3,-0.048,0.048
Bruce Brown,SF,25,BRK,72,1774,15.0,0.575,0.186,0.253,6.3,14.7,10.6,11.5,2.1,2.6,9.1,15.0,2.8,2.0,4.8,0.13,-0.4,1.1,0.7,1.2,2022,Regular Season,24.63888888888889,4,139,15.4,0.676,0.378,0.27,5.6,12.3,8.9,11.9,1.8,2.1,17.9,16.6,0.3,0.0,0.2,0.078,2.1,0.3,2.4,0.2,Playoffs,34.75,0.4000000000000003,-1.0,-0.052,0.052
Bryn Forbes,SG,25,SAS,82,2293,12.0,0.586,0.522,0.099,0.9,10.4,5.7,10.6,1.0,0.1,8.8,17.4,2.5,1.3,3.8,0.079,-0.3,-0.9,-1.2,0.5,2019,Regular Season,27.963414634146343,7,212,11.6,0.625,0.554,0.161,0.5,12.1,6.3,4.8,0.2,0.4,4.8,13.7,0.4,0.0,0.4,0.082,-0.2,-0.6,-0.8,0.1,Playoffs,30.285714285714285,-0.4000000000000003,-0.4,0.003,0.003
CJ McCollum,SG,27,POR,70,2375,17.0,0.553,0.358,0.154,2.9,9.7,6.3,13.8,1.1,0.9,7.4,25.5,4.0,1.7,5.6,0.114,2.1,-1.0,1.0,1.8,2019,Regular Season,33.92857142857143,16,635,17.9,0.527,0.334,0.16,2.3,11.0,6.7,16.8,1.0,1.3,7.4,27.6,0.8,0.3,1.0,0.079,3.4,-0.7,2.6,0.7,Playoffs,39.6875,0.8999999999999986,-1.1,-0.035,0.035
CJ McCollum,SG,28,POR,70,2556,17.0,0.541,0.378,0.136,1.9,10.2,6.1,19.1,1.0,1.4,8.1,25.9,3.5,0.6,4.1,0.077,2.3,-1.8,0.5,1.6,2020,Regular Season,36.51428571428571,5,196,14.9,0.534,0.354,0.222,2.7,12.9,7.8,14.6,1.4,0.9,12.1,26.3,0.0,0.1,0.1,0.021,2.4,-1.4,1.0,0.1,Playoffs,39.2,-2.1,-1.5,-0.0559999999999999,0.0559999999999999
CJ McCollum,SG,29,POR,47,1600,20.8,0.577,0.475,0.15,2.0,10.6,6.2,23.0,1.3,1.2,6.5,27.1,4.1,0.6,4.7,0.141,5.0,-1.1,3.9,2.4,2021,Regular Season,34.04255319148936,6,240,12.8,0.518,0.368,0.114,3.0,14.1,8.7,17.0,0.4,1.5,9.1,24.7,0.1,0.0,0.0,0.007,-0.4,-2.9,-3.3,-0.1,Playoffs,40.0,-8.0,-2.5,-0.1339999999999999,0.1339999999999999
CJ McCollum,SG,30,NOP,62,2145,18.3,0.553,0.403,0.146,2.6,11.5,6.9,26.1,1.6,1.0,9.3,27.5,2.6,1.0,3.6,0.081,3.2,-1.3,1.9,2.1,2022,Regular Season,34.596774193548384,6,234,15.5,0.487,0.408,0.208,5.2,15.7,10.1,20.5,0.9,1.8,9.9,27.9,0.2,0.0,0.2,0.047,2.6,-2.0,0.6,0.2,Playoffs,39.0,-2.8000000000000007,-1.9,-0.034,0.034
Caleb Martin,SF,27,MIA,71,2077,11.4,0.571,0.431,0.206,4.8,15.0,9.7,8.2,1.7,1.5,11.5,14.4,1.2,2.5,3.7,0.086,-1.8,0.5,-1.2,0.4,2023,Regular Season,29.253521126760564,23,694,15.3,0.657,0.505,0.17,4.4,16.4,10.3,7.8,1.5,1.3,9.8,15.9,1.2,0.8,2.0,0.14,0.6,1.7,2.3,0.8,Playoffs,30.17391304347826,3.9,0.4,0.054,0.054
Cameron Johnson,PF,26,BRK,42,1199,17.1,0.617,0.538,0.253,3.2,14.0,8.6,9.6,2.0,1.0,6.6,20.6,2.1,1.4,3.5,0.142,2.0,0.6,2.6,1.4,2023,Regular Season,28.547619047619047,4,152,16.4,0.637,0.509,0.127,2.3,14.9,8.7,13.8,1.1,0.6,7.9,20.4,0.2,0.1,0.3,0.105,2.2,1.0,3.2,0.2,Playoffs,38.0,-0.7000000000000028,-1.2,-0.0369999999999999,0.0369999999999999
Caris LeVert,SG,25,BRK,45,1330,16.1,0.514,0.301,0.269,3.9,10.7,7.4,25.0,1.9,0.6,12.6,29.5,0.1,1.4,1.5,0.055,0.6,-0.9,-0.3,0.5,2020,Regular Season,29.55555555555556,4,140,17.1,0.482,0.288,0.342,5.4,12.4,8.6,48.3,1.7,0.7,13.4,28.5,0.0,0.0,0.0,0.0,3.2,-0.7,2.6,0.2,Playoffs,35.0,1.0,-0.3,-0.055,0.055
Caris LeVert,SG,28,CLE,74,2237,12.4,0.546,0.437,0.243,2.8,12.1,7.4,18.0,1.6,1.0,12.4,18.7,1.4,3.1,4.4,0.095,-1.0,0.8,-0.2,1.0,2023,Regular Season,30.22972972972973,5,170,12.4,0.546,0.571,0.206,2.9,12.5,7.9,13.3,0.6,0.5,6.8,20.3,0.1,0.2,0.3,0.092,1.2,0.8,2.1,0.2,Playoffs,34.0,0.0,-0.8,-0.003,0.003
Carmelo Anthony,PF,35,POR,58,1902,12.4,0.525,0.289,0.206,3.9,16.1,10.1,6.4,1.2,1.2,10.5,21.2,0.4,0.9,1.3,0.033,-1.8,-1.8,-3.6,-0.8,2020,Regular Season,32.793103448275865,5,176,8.4,0.512,0.279,0.206,0.6,14.4,7.5,9.1,1.3,1.0,14.9,20.6,-0.2,0.1,-0.1,-0.021,-2.3,-0.7,-2.9,0.0,Playoffs,35.2,-4.0,0.8,-0.054,0.054
Chris Paul,PG,33,HOU,58,1857,19.7,0.56,0.493,0.282,2.1,13.9,7.9,39.3,3.0,0.8,15.8,22.5,4.4,2.2,6.6,0.172,2.7,1.1,3.9,2.8,2019,Regular Season,32.01724137931034,11,397,17.6,0.557,0.426,0.304,4.1,15.4,9.9,25.1,3.0,1.6,18.1,22.7,0.5,0.6,1.1,0.132,0.7,1.7,2.5,0.4,Playoffs,36.09090909090909,-2.099999999999998,-2.4,-0.0399999999999999,0.0399999999999999
Chris Paul,PG,34,OKC,70,2208,21.7,0.61,0.343,0.315,1.3,15.7,8.7,34.0,2.4,0.4,13.8,23.3,5.9,3.0,8.9,0.193,3.0,1.4,4.4,3.5,2020,Regular Season,31.542857142857144,7,261,19.3,0.604,0.384,0.232,1.2,18.9,10.4,26.1,2.0,1.4,15.7,24.2,0.4,0.4,0.8,0.141,1.9,2.2,4.1,0.4,Playoffs,37.285714285714285,-2.3999999999999986,-3.1,-0.052,0.052
Chris Paul,PG,35,PHO,70,2199,21.4,0.599,0.294,0.206,1.3,14.5,8.0,40.9,2.2,0.8,14.0,22.6,6.5,2.7,9.2,0.201,3.5,1.1,4.6,3.6,2021,Regular Season,31.414285714285715,20,683,20.7,0.584,0.217,0.217,1.6,9.4,5.7,39.5,1.7,0.4,11.6,24.8,1.7,0.9,2.5,0.178,4.3,0.7,5.0,1.2,Playoffs,34.15,-0.6999999999999993,-2.4000000000000004,-0.023,0.023
Chris Paul,PG,36,PHO,65,2139,20.8,0.581,0.27,0.274,1.1,12.8,7.1,44.5,2.7,0.8,15.6,19.7,5.8,3.6,9.4,0.21,3.1,2.3,5.4,4.0,2022,Regular Season,32.90769230769231,13,448,22.8,0.666,0.316,0.239,1.9,12.1,7.2,36.4,2.2,0.4,15.3,20.8,1.6,0.2,1.8,0.196,3.7,1.2,4.9,0.8,Playoffs,34.46153846153846,2.0,-3.2,-0.0139999999999999,0.0139999999999999
Chris Paul,PG,37,PHO,59,1889,17.7,0.555,0.391,0.24,1.6,13.4,7.4,38.7,2.4,1.0,13.4,19.2,3.7,2.5,6.2,0.156,2.0,1.2,3.2,2.5,2023,Regular Season,32.016949152542374,7,250,14.7,0.469,0.308,0.044,2.4,13.7,8.2,27.9,2.4,1.7,7.0,17.5,0.2,0.1,0.3,0.064,0.2,0.7,0.8,0.2,Playoffs,35.714285714285715,-3.0,-2.3,-0.092,0.092
Clint Capela,C,24,HOU,67,2249,23.8,0.658,0.0,0.357,14.4,27.6,20.8,7.1,1.0,3.9,10.0,18.2,7.8,3.0,10.8,0.23,3.3,-0.3,3.0,2.8,2019,Regular Season,33.56716417910448,11,331,15.7,0.549,0.0,0.427,14.4,23.8,19.2,7.7,0.4,3.4,14.1,15.0,0.5,0.4,0.9,0.129,0.3,-1.0,-0.6,0.1,Playoffs,30.09090909090909,-8.100000000000001,-2.7,-0.101,0.101
Clint Capela,C,26,ATL,63,1898,24.3,0.601,0.0,0.327,17.5,34.3,26.1,4.1,1.1,6.0,8.4,19.9,4.9,3.3,8.2,0.207,2.7,0.0,2.7,2.2,2021,Regular Season,30.126984126984127,18,569,15.8,0.591,0.0,0.287,11.8,26.6,19.3,4.5,1.0,2.9,10.5,13.3,0.8,1.0,1.7,0.147,0.8,0.5,1.3,0.5,Playoffs,31.61111111111111,-8.5,-1.7000000000000002,-0.06,0.06
D'Angelo Russell,PG,25,MIN,65,2077,16.3,0.544,0.531,0.246,1.3,10.1,5.6,33.1,1.4,1.0,13.2,25.1,2.9,1.5,4.4,0.101,2.2,-1.5,0.8,1.4,2022,Regular Season,31.953846153846158,6,196,8.5,0.455,0.431,0.222,0.0,8.1,4.3,32.2,2.1,0.0,17.7,21.0,-0.2,0.1,-0.1,-0.022,-1.8,-1.1,-2.9,0.0,Playoffs,32.666666666666664,-7.800000000000001,-1.4,-0.123,0.123
Damian Lillard,PG,28,POR,80,2838,23.7,0.588,0.419,0.335,2.6,11.1,7.0,30.6,1.5,1.0,10.8,29.3,9.7,2.4,12.1,0.205,6.6,-0.3,6.4,6.0,2019,Regular Season,35.475,16,650,20.6,0.566,0.479,0.345,1.3,11.1,6.2,28.0,2.1,0.6,13.6,29.4,1.2,0.4,1.6,0.119,4.9,-0.2,4.6,1.1,Playoffs,40.625,-3.099999999999998,-4.9,-0.086,0.086
Damian Lillard,PG,29,POR,66,2474,26.9,0.627,0.5,0.384,1.4,10.5,6.0,34.4,1.3,0.8,11.0,30.3,10.9,0.7,11.6,0.225,8.3,-0.9,7.5,5.9,2020,Regular Season,37.48484848484848,4,143,18.7,0.618,0.516,0.516,0.7,9.6,5.2,19.8,0.7,0.6,15.1,27.0,0.3,0.0,0.3,0.102,5.9,-1.5,4.5,0.2,Playoffs,35.75,-8.2,-5.7,-0.123,0.123
Damian Lillard,PG,30,POR,67,2398,25.6,0.623,0.528,0.363,1.4,11.5,6.3,34.6,1.3,0.6,11.6,31.4,9.6,0.8,10.4,0.209,7.5,-1.3,6.3,5.0,2021,Regular Season,35.791044776119406,6,248,30.4,0.66,0.582,0.373,0.5,11.4,6.1,41.3,1.2,1.5,7.7,30.7,1.5,0.0,1.5,0.286,12.2,0.0,12.2,0.8,Playoffs,41.333333333333336,4.799999999999997,-4.2,0.0769999999999999,0.0769999999999999
Danilo Gallinari,SF,30,LAC,68,2059,21.0,0.633,0.421,0.459,2.9,18.1,10.7,13.2,1.1,0.9,8.5,23.8,6.4,1.8,8.2,0.191,4.9,-0.5,4.3,3.3,2019,Regular Season,30.279411764705884,6,201,13.6,0.474,0.387,0.297,4.7,16.5,10.3,12.5,1.9,0.4,8.1,27.9,-0.1,-0.1,-0.1,-0.031,0.6,-3.0,-2.4,0.0,Playoffs,33.5,-7.4,-3.3,-0.222,0.222
Danilo Gallinari,PF,31,OKC,62,1834,19.5,0.612,0.537,0.365,2.1,16.8,9.7,10.3,1.1,0.2,7.4,24.6,4.5,1.9,6.3,0.166,4.1,-0.9,3.3,2.4,2020,Regular Season,29.580645161290324,7,212,12.7,0.569,0.468,0.38,2.6,15.7,9.4,5.5,1.1,0.6,14.0,21.8,0.1,0.3,0.3,0.07,-0.2,-0.5,-0.6,0.1,Playoffs,30.285714285714285,-6.800000000000001,-2.3,-0.096,0.096
Danuel House Jr.,SF,26,HOU,63,1913,11.3,0.572,0.659,0.167,3.1,11.6,7.3,6.1,1.6,1.5,8.5,13.7,1.9,1.8,3.6,0.091,-0.8,0.0,-0.7,0.6,2020,Regular Season,30.365079365079364,9,279,12.0,0.568,0.624,0.153,3.8,17.7,10.4,7.3,1.4,0.0,7.2,15.7,0.2,0.4,0.6,0.103,-0.4,0.5,0.1,0.2,Playoffs,31.0,0.6999999999999993,-0.3999999999999999,0.0119999999999999,0.0119999999999999
Darius Garland,PG,23,CLE,69,2447,18.8,0.587,0.365,0.284,1.3,7.6,4.5,34.1,1.7,0.3,13.5,26.9,4.5,3.0,7.6,0.148,3.2,-0.7,2.4,2.7,2023,Regular Season,35.46376811594203,5,189,13.3,0.566,0.388,0.313,0.0,5.3,2.8,24.1,2.2,0.5,16.5,27.0,0.0,0.2,0.2,0.056,0.7,0.5,1.2,0.2,Playoffs,37.8,-5.5,-2.5,-0.092,0.092
De'Aaron Fox,PG,25,SAC,73,2435,21.8,0.599,0.276,0.331,1.9,12.4,7.2,29.6,1.6,0.8,10.6,30.1,5.5,1.8,7.4,0.146,3.4,-0.9,2.5,2.7,2023,Regular Season,33.35616438356164,7,270,18.9,0.524,0.382,0.248,4.4,10.1,7.2,33.6,2.6,1.4,13.3,31.0,0.2,0.3,0.5,0.092,4.0,1.0,5.0,0.5,Playoffs,38.57142857142857,-2.900000000000002,-2.2,-0.0539999999999999,0.0539999999999999
De'Andre Hunter,SF,23,ATL,23,678,15.7,0.603,0.383,0.343,2.8,14.7,8.9,9.7,1.4,1.6,9.2,20.2,1.2,0.6,1.7,0.123,0.6,0.6,1.2,0.5,2021,Regular Season,29.47826086956522,5,152,7.1,0.519,0.356,0.356,1.4,12.8,7.2,2.8,0.3,1.7,11.9,17.2,-0.1,0.2,0.0,0.012,-2.5,-0.7,-3.2,0.0,Playoffs,30.4,-8.6,-0.5,-0.111,0.111
De'Andre Hunter,SF,24,ATL,53,1577,10.6,0.547,0.339,0.289,1.8,10.4,6.1,6.1,1.1,1.2,9.6,19.9,0.4,0.7,1.1,0.034,-2.4,-1.5,-3.9,-0.8,2022,Regular Season,29.75471698113208,5,175,16.8,0.673,0.371,0.286,1.4,12.0,6.6,3.5,1.2,0.6,12.2,23.6,0.3,0.1,0.4,0.108,2.1,0.8,2.9,0.2,Playoffs,35.0,6.200000000000001,1.0,0.074,0.074
De'Andre Hunter,SF,25,ATL,67,2126,11.5,0.563,0.348,0.252,2.3,12.4,7.3,6.0,0.8,0.7,8.2,19.7,1.4,1.2,2.5,0.057,-1.9,-1.4,-3.3,-0.7,2023,Regular Season,31.73134328358209,6,224,10.8,0.559,0.447,0.118,3.1,14.3,8.2,4.2,0.9,0.8,9.1,18.1,0.1,0.0,0.1,0.016,-1.9,-1.2,-3.1,-0.1,Playoffs,37.333333333333336,-0.6999999999999993,0.6,-0.041,0.041
DeMar DeRozan,SG,29,SAS,77,2688,19.6,0.542,0.034,0.336,2.2,16.4,9.4,27.6,1.6,1.1,11.7,27.9,3.6,2.6,6.3,0.112,1.0,0.1,1.1,2.2,2019,Regular Season,34.90909090909091,7,251,23.2,0.557,0.008,0.37,4.3,15.8,10.1,21.6,1.7,0.3,8.0,27.7,0.6,0.1,0.8,0.149,3.0,0.8,3.8,0.4,Playoffs,35.857142857142854,3.599999999999998,-1.8000000000000005,0.0369999999999999,0.0369999999999999
DeMar DeRozan,PF,32,CHI,76,2743,23.1,0.59,0.093,0.386,2.3,13.7,8.0,23.3,1.2,0.8,9.2,31.8,7.0,1.8,8.8,0.154,3.4,-0.9,2.5,3.1,2022,Regular Season,36.0921052631579,5,203,13.4,0.481,0.095,0.316,0.5,14.0,6.7,20.9,2.1,1.0,9.2,25.7,-0.2,0.3,0.1,0.019,-1.3,0.5,-0.8,0.1,Playoffs,40.6,-9.7,-3.0,-0.135,0.135
Deandre Ayton,C,22,PHO,69,2115,20.3,0.653,0.029,0.252,12.4,26.3,19.5,6.8,1.0,3.4,11.9,18.2,5.3,3.1,8.4,0.191,1.1,0.1,1.2,1.7,2021,Regular Season,30.65217391304348,22,801,19.5,0.674,0.0,0.226,9.9,25.3,18.1,4.7,1.1,2.8,9.8,16.3,1.9,1.5,3.4,0.203,2.1,0.9,3.0,1.0,Playoffs,36.40909090909091,-0.8000000000000007,-0.7,0.012,0.012
Deandre Ayton,C,23,PHO,58,1713,21.9,0.656,0.027,0.204,9.6,27.1,18.6,7.6,1.1,2.1,10.7,21.4,4.1,3.1,7.3,0.203,2.2,0.6,2.8,2.1,2022,Regular Season,29.53448275862069,13,397,23.5,0.653,0.024,0.201,10.2,24.1,17.4,9.3,0.6,2.4,9.6,22.9,1.2,0.2,1.4,0.167,3.4,0.2,3.6,0.6,Playoffs,30.53846153846154,1.6000000000000014,-1.5,-0.036,0.036
Deandre Ayton,C,24,PHO,67,2035,19.9,0.617,0.027,0.225,9.2,27.5,18.1,9.2,0.9,2.3,11.0,22.9,3.3,3.0,6.2,0.147,0.9,0.0,0.9,1.5,2023,Regular Season,30.37313432835821,10,319,13.9,0.553,0.0,0.207,10.9,24.4,17.8,4.4,0.9,1.8,12.3,19.0,0.1,0.2,0.3,0.047,-1.9,-1.6,-3.5,-0.1,Playoffs,31.9,-5.999999999999998,-1.6,-0.0999999999999999,0.0999999999999999
Dejounte Murray,SG,26,ATL,74,2693,17.0,0.54,0.293,0.144,2.1,13.8,7.9,24.0,2.0,0.6,10.2,24.4,2.4,2.3,4.7,0.084,1.1,0.0,1.0,2.1,2023,Regular Season,36.391891891891895,5,190,20.5,0.538,0.359,0.087,4.7,16.9,10.2,26.5,2.5,0.5,8.5,25.3,0.3,0.1,0.4,0.1,3.9,1.3,5.1,0.3,Playoffs,38.0,3.5,-1.8,0.016,0.016
Dennis Schröder,PG,25,OKC,79,2314,12.7,0.508,0.33,0.206,1.6,11.3,6.3,20.4,1.3,0.4,12.5,24.2,0.4,2.4,2.9,0.06,-1.3,-0.7,-2.0,0.0,2019,Regular Season,29.29113924050633,5,151,13.8,0.548,0.364,0.327,1.4,10.2,5.7,18.1,1.3,0.0,8.7,19.5,0.2,0.1,0.3,0.082,-0.2,0.6,0.4,0.1,Playoffs,30.2,1.1000000000000014,0.1,0.022,0.022
Dennis Schröder,PG,26,OKC,65,1999,16.7,0.575,0.337,0.245,1.1,11.6,6.5,21.9,1.1,0.6,13.4,27.2,1.9,1.8,3.6,0.087,1.1,-1.1,-0.1,1.0,2020,Regular Season,30.753846153846155,7,227,11.6,0.504,0.413,0.229,1.0,10.7,6.0,19.7,0.8,0.5,12.4,26.0,-0.1,0.2,0.1,0.019,-0.4,-0.9,-1.3,0.0,Playoffs,32.42857142857143,-5.1,-1.0,-0.0679999999999999,0.0679999999999999
Dennis Schröder,SG,27,LAL,61,1956,13.8,0.543,0.279,0.32,1.7,10.3,6.1,26.9,1.7,0.6,15.8,22.9,1.0,2.7,3.8,0.093,-1.3,0.1,-1.2,0.4,2021,Regular Season,32.0655737704918,6,196,11.1,0.528,0.371,0.371,0.6,10.2,5.2,15.2,1.6,0.5,10.9,20.8,0.0,0.2,0.2,0.056,-1.6,0.7,-0.9,0.1,Playoffs,32.666666666666664,-2.700000000000001,-0.3,-0.037,0.037
Derrick Rose,PG,32,NYK,50,1279,18.3,0.55,0.211,0.208,1.7,9.3,5.5,28.0,1.9,1.4,10.5,25.8,1.6,1.6,3.1,0.118,1.6,0.3,1.9,1.3,2021,Regular Season,25.58,5,175,17.1,0.551,0.202,0.107,2.3,10.3,6.1,29.3,0.6,0.6,8.3,24.3,0.2,0.2,0.4,0.108,3.2,1.1,4.3,0.3,Playoffs,35.0,-1.1999999999999993,-1.0,-0.0099999999999999,0.0099999999999999
Desmond Bane,SG,23,MEM,76,2266,17.6,0.592,0.475,0.141,2.1,13.6,7.7,13.5,1.9,1.1,8.7,23.1,4.5,2.7,7.2,0.153,2.5,0.3,2.7,2.7,2022,Regular Season,29.81578947368421,12,428,16.0,0.645,0.553,0.22,1.2,10.4,5.5,9.3,1.2,2.1,8.4,18.2,0.9,0.5,1.3,0.15,2.9,0.6,3.5,0.6,Playoffs,35.666666666666664,-1.6000000000000014,-2.1,-0.003,0.003
Desmond Bane,SG,24,MEM,58,1841,19.1,0.606,0.433,0.218,2.5,14.3,8.4,20.8,1.4,1.1,10.9,26.1,3.5,2.3,5.8,0.151,3.3,0.1,3.5,2.5,2023,Regular Season,31.74137931034483,6,231,13.3,0.548,0.431,0.25,2.9,13.7,7.9,14.4,0.6,0.0,11.7,26.4,0.1,0.2,0.3,0.056,1.1,-0.2,0.8,0.2,Playoffs,38.5,-5.800000000000001,-2.3,-0.095,0.095
Devin Booker,SG,24,PHO,67,2270,19.2,0.587,0.288,0.305,1.7,12.1,7.0,20.6,1.2,0.6,12.4,32.7,2.9,2.0,4.9,0.104,1.7,-1.4,0.3,1.3,2021,Regular Season,33.88059701492537,22,889,16.1,0.558,0.289,0.31,2.0,12.9,7.8,18.3,1.0,0.4,13.1,31.8,0.1,1.1,1.2,0.066,0.7,-1.1,-0.4,0.4,Playoffs,40.40909090909091,-3.099999999999998,-0.9,-0.0379999999999999,0.0379999999999999
Devin Booker,SG,25,PHO,68,2345,21.3,0.576,0.336,0.255,2.1,13.2,7.8,22.4,1.6,1.0,9.3,32.0,4.3,3.3,7.6,0.156,3.9,0.2,4.1,3.6,2022,Regular Season,34.48529411764706,10,366,18.0,0.587,0.371,0.303,3.3,12.0,7.8,18.7,0.7,1.1,13.9,28.9,0.5,0.0,0.6,0.072,3.3,-1.3,2.0,0.4,Playoffs,36.6,-3.3000000000000007,-3.2,-0.084,0.084
Devin Booker,SG,26,PHO,53,1835,22.0,0.601,0.296,0.336,2.7,12.0,7.2,27.3,1.4,0.9,10.6,31.8,4.2,1.9,6.0,0.157,4.5,-0.3,4.2,2.9,2023,Regular Season,34.62264150943396,11,459,28.6,0.686,0.253,0.278,3.1,10.2,6.7,29.1,2.0,1.6,10.6,29.0,2.1,0.2,2.3,0.236,8.7,2.0,10.7,1.5,Playoffs,41.72727272727273,6.600000000000001,-1.4,0.0789999999999999,0.0789999999999999
Dillon Brooks,SF,25,MEM,67,1997,12.1,0.515,0.361,0.189,2.8,7.7,5.2,11.7,1.9,1.2,9.6,26.1,-0.5,1.8,1.4,0.033,-2.6,-1.1,-3.7,-0.9,2021,Regular Season,29.80597014925373,5,175,20.6,0.595,0.206,0.268,2.9,11.0,6.6,9.9,1.9,1.2,7.7,28.3,0.3,0.0,0.3,0.08,2.3,0.3,2.6,0.2,Playoffs,35.0,8.500000000000002,1.1,0.047,0.047
Dillon Brooks,SF,26,MEM,32,885,15.5,0.515,0.283,0.202,3.4,8.8,6.0,15.4,1.9,0.8,8.0,28.8,0.7,0.9,1.6,0.087,-1.0,-0.8,-1.8,0.0,2022,Regular Season,27.65625,11,335,6.9,0.44,0.419,0.145,2.4,7.3,4.7,13.8,1.5,0.9,10.7,25.1,-0.6,0.3,-0.3,-0.036,-3.3,-1.3,-4.6,-0.2,Playoffs,30.454545454545453,-8.6,-0.2,-0.123,0.123
Domantas Sabonis,C,26,SAC,79,2736,23.5,0.668,0.088,0.467,10.6,30.0,20.3,30.4,1.1,1.2,16.9,21.3,9.6,3.0,12.6,0.221,4.1,1.8,5.8,5.4,2023,Regular Season,34.63291139240506,7,243,15.9,0.517,0.051,0.283,12.6,19.9,16.2,20.8,1.9,2.3,18.9,22.4,0.0,0.3,0.3,0.064,0.1,0.7,0.7,0.2,Playoffs,34.714285714285715,-7.6,-5.2,-0.157,0.157
Donovan Mitchell,SG,22,UTA,77,2598,17.2,0.537,0.339,0.259,2.5,10.5,6.6,21.2,2.0,0.9,11.3,31.6,1.3,3.7,5.0,0.092,1.2,0.1,1.3,2.2,2019,Regular Season,33.74025974025974,5,193,6.8,0.423,0.384,0.295,3.7,10.2,6.8,15.5,2.0,0.6,14.2,32.5,-0.6,0.2,-0.5,-0.12,-3.3,-1.3,-4.6,-0.1,Playoffs,38.6,-10.4,-2.3000000000000003,-0.212,0.212
Donovan Mitchell,SG,23,UTA,69,2364,18.8,0.558,0.352,0.24,2.6,11.3,7.1,21.6,1.4,0.5,11.0,30.8,3.2,2.2,5.4,0.11,2.4,-0.6,1.9,2.3,2020,Regular Season,34.26086956521739,7,264,33.7,0.696,0.408,0.369,2.7,12.6,7.8,25.6,1.4,0.7,13.7,37.5,1.4,0.0,1.4,0.26,9.3,0.2,9.5,0.7,Playoffs,37.71428571428572,14.900000000000002,-1.6,0.15,0.15
Donovan Mitchell,PG,24,UTA,53,1771,21.3,0.569,0.423,0.29,3.1,10.6,7.0,26.7,1.4,0.7,10.7,33.5,3.9,2.2,6.2,0.167,4.6,-0.2,4.3,2.8,2021,Regular Season,33.41509433962264,10,346,26.4,0.602,0.489,0.323,1.1,12.6,7.1,30.3,1.6,0.5,9.4,38.0,1.2,0.0,1.2,0.173,8.2,-0.4,7.8,0.9,Playoffs,34.6,5.099999999999998,-1.9,0.0059999999999999,0.0059999999999999
Donovan Mitchell,SG,25,UTA,67,2266,21.6,0.572,0.475,0.227,2.7,10.6,6.8,27.7,2.2,0.5,11.7,32.9,4.7,2.5,7.2,0.152,4.6,-0.3,4.3,3.6,2022,Regular Season,33.82089552238806,6,229,19.0,0.505,0.361,0.316,3.1,10.1,6.6,29.8,0.9,1.6,9.6,34.3,0.2,0.1,0.3,0.054,3.9,-1.1,2.8,0.3,Playoffs,38.16666666666666,-2.6000000000000014,-3.3000000000000003,-0.098,0.098
Donovan Mitchell,SG,26,CLE,68,2432,22.9,0.614,0.453,0.262,3.1,10.9,7.0,21.4,2.0,1.0,10.3,32.1,5.4,3.5,8.9,0.176,5.6,0.6,6.3,5.0,2023,Regular Season,35.76470588235294,5,207,15.7,0.518,0.433,0.173,1.8,11.9,7.0,33.7,2.5,1.3,14.5,29.7,-0.1,0.3,0.3,0.059,2.7,2.0,4.8,0.4,Playoffs,41.4,-7.199999999999999,-4.6,-0.1169999999999999,0.1169999999999999
Dorian Finney-Smith,PF,26,DAL,71,2120,12.3,0.595,0.58,0.207,7.3,12.7,10.0,7.2,1.0,1.6,10.8,12.9,3.3,1.5,4.9,0.11,0.1,-0.3,-0.2,0.9,2020,Regular Season,29.859154929577464,6,191,12.4,0.563,0.577,0.096,6.8,12.7,9.7,13.4,1.7,1.4,14.2,14.2,0.2,0.0,0.2,0.044,0.6,0.6,1.2,0.2,Playoffs,31.83333333333333,0.0999999999999996,-0.7,-0.066,0.066
Dorian Finney-Smith,PF,27,DAL,60,1921,12.0,0.609,0.648,0.088,5.7,13.0,9.3,7.2,1.3,1.2,9.0,12.2,2.8,1.6,4.4,0.11,0.2,0.0,0.1,1.0,2021,Regular Season,32.016666666666666,7,271,9.5,0.544,0.578,0.078,6.9,13.1,9.9,7.7,1.5,0.8,15.3,13.1,0.1,0.1,0.2,0.027,-0.9,0.0,-0.9,0.1,Playoffs,38.71428571428572,-2.5,-0.9,-0.083,0.083
Dorian Finney-Smith,PF,28,DAL,80,2644,12.5,0.604,0.629,0.12,5.1,10.7,7.9,8.2,1.7,1.3,9.9,13.8,3.4,3.2,6.6,0.121,0.1,0.7,0.8,1.9,2022,Regular Season,33.05,18,688,12.6,0.63,0.688,0.153,5.4,11.6,8.5,7.8,1.3,0.9,9.7,12.8,1.2,0.3,1.5,0.106,0.5,0.5,1.0,0.5,Playoffs,38.22222222222222,0.0999999999999996,-1.4,-0.015,0.015
Draymond Green,PF,28,GSW,66,2065,12.9,0.526,0.391,0.216,3.2,20.8,12.4,26.8,2.2,2.8,26.8,13.1,1.1,3.2,4.3,0.1,-1.3,2.7,1.4,1.8,2019,Regular Season,31.28787878787879,22,851,16.5,0.561,0.249,0.31,5.7,23.9,15.1,30.8,1.8,3.8,24.2,17.5,1.0,1.0,2.0,0.111,0.3,3.2,3.6,1.2,Playoffs,38.68181818181818,3.6,-0.6000000000000001,0.0109999999999999,0.0109999999999999
Draymond Green,PF,31,GSW,46,1329,14.3,0.582,0.21,0.354,3.8,23.2,13.8,32.5,2.2,3.6,31.9,14.3,0.8,2.8,3.6,0.131,-1.4,4.6,3.2,1.8,2022,Regular Season,28.89130434782609,22,703,12.3,0.534,0.271,0.326,4.3,20.6,12.7,25.7,1.8,3.2,26.4,14.0,0.4,1.0,1.4,0.094,-2.0,2.9,0.9,0.5,Playoffs,31.954545454545453,-2.0,-1.3,-0.037,0.037
Draymond Green,PF,32,GSW,73,2297,12.2,0.592,0.276,0.228,3.2,21.6,12.6,27.8,1.5,2.3,28.1,13.2,1.6,3.1,4.7,0.098,-1.8,2.6,0.8,1.6,2023,Regular Season,31.46575342465753,12,367,14.6,0.535,0.22,0.363,5.3,18.3,11.7,29.4,2.3,2.8,20.4,14.9,0.4,0.6,1.0,0.126,-1.2,4.1,2.8,0.5,Playoffs,30.58333333333333,2.4000000000000004,-1.1,0.0279999999999999,0.0279999999999999
Eric Gordon,SG,30,HOU,68,2158,12.2,0.549,0.64,0.162,0.9,6.9,3.8,9.4,0.9,1.1,8.2,22.0,1.7,1.0,2.6,0.059,0.5,-1.8,-1.3,0.4,2019,Regular Season,31.735294117647054,11,410,12.7,0.604,0.633,0.187,1.4,5.9,3.7,5.7,0.8,2.5,14.3,20.3,0.3,0.3,0.6,0.072,1.3,-0.8,0.5,0.3,Playoffs,37.27272727272727,0.5,-0.1,0.0129999999999999,0.0129999999999999
Eric Gordon,SF,31,HOU,36,1016,10.3,0.51,0.654,0.231,0.9,6.5,3.7,7.9,1.0,1.1,7.8,22.5,-0.1,0.6,0.5,0.024,-1.8,-2.1,-3.9,-0.5,2020,Regular Season,28.22222222222222,12,410,12.8,0.537,0.511,0.227,1.6,7.4,4.4,14.7,1.2,1.7,11.0,23.8,0.0,0.4,0.4,0.053,-0.4,-0.6,-1.0,0.1,Playoffs,34.166666666666664,2.5,0.6,0.0289999999999999,0.0289999999999999
Evan Fournier,SG,26,ORL,81,2553,12.3,0.536,0.421,0.159,1.6,9.4,5.4,17.6,1.4,0.4,11.9,22.1,0.8,2.5,3.2,0.061,-1.8,-0.6,-2.4,-0.3,2019,Regular Season,31.51851851851852,5,175,5.0,0.427,0.493,0.116,1.7,8.7,5.0,10.7,2.0,0.0,14.2,21.4,-0.4,0.1,-0.3,-0.091,-4.4,-0.5,-4.8,-0.1,Playoffs,35.0,-7.300000000000001,0.1999999999999999,-0.152,0.152
Evan Fournier,SF,27,ORL,66,2076,16.4,0.595,0.467,0.237,0.9,8.2,4.4,16.6,1.7,0.7,10.9,23.9,2.9,1.7,4.6,0.106,1.4,-0.4,1.0,1.6,2020,Regular Season,31.454545454545453,5,171,8.9,0.496,0.614,0.298,1.7,10.7,6.0,11.6,1.6,1.8,12.2,18.3,-0.2,0.2,0.0,0.006,-1.5,-0.6,-2.1,0.0,Playoffs,34.2,-7.499999999999998,-1.6,-0.0999999999999999,0.0999999999999999
Evan Fournier,SF,28,BOS,42,1259,16.7,0.598,0.523,0.253,0.8,10.2,5.4,18.6,1.8,1.4,10.8,23.1,1.8,1.0,2.8,0.107,1.5,-0.4,1.1,1.0,2021,Regular Season,29.976190476190474,5,167,11.8,0.564,0.476,0.19,3.3,9.5,6.2,6.6,1.8,0.0,6.8,18.6,0.2,-0.1,0.1,0.015,-1.5,-0.8,-2.3,0.0,Playoffs,33.4,-4.899999999999999,-1.0,-0.092,0.092
Evan Mobley,PF,21,CLE,79,2715,17.9,0.591,0.108,0.321,8.1,22.7,15.4,12.4,1.1,4.0,11.9,20.2,3.7,4.8,8.5,0.151,0.0,1.6,1.7,2.5,2023,Regular Season,34.36708860759494,5,188,9.5,0.476,0.021,0.167,9.7,20.8,15.5,8.6,0.8,2.8,18.9,15.8,-0.2,0.3,0.1,0.036,-3.0,0.8,-2.2,0.0,Playoffs,37.6,-8.399999999999999,-2.5,-0.1149999999999999,0.1149999999999999
Fred VanVleet,SG,25,TOR,54,1928,16.3,0.553,0.484,0.256,1.0,9.9,5.6,27.7,2.5,0.9,12.3,21.7,2.8,3.1,5.8,0.145,1.3,1.4,2.7,2.3,2020,Regular Season,35.7037037037037,11,430,16.4,0.537,0.579,0.132,1.2,11.0,6.0,28.4,2.0,1.7,9.9,22.9,0.4,0.8,1.2,0.134,2.9,1.9,4.7,0.7,Playoffs,39.09090909090909,0.0999999999999978,-1.6,-0.0109999999999999,0.0109999999999999
Fred VanVleet,PG,27,TOR,65,2462,17.3,0.552,0.585,0.202,1.8,11.4,6.4,26.7,2.3,1.4,12.5,23.7,3.9,2.8,6.7,0.131,3.1,0.5,3.6,3.5,2022,Regular Season,37.87692307692308,4,140,15.7,0.486,0.667,0.111,1.6,9.7,5.3,27.5,2.6,3.1,6.6,20.1,0.1,0.0,0.2,0.06,2.6,0.9,3.5,0.2,Playoffs,35.0,-1.6000000000000014,-3.3,-0.071,0.071
Gabe Vincent,PG,26,MIA,68,1759,9.0,0.533,0.617,0.138,1.7,8.1,4.8,13.9,1.8,0.3,13.3,17.5,-0.3,1.7,1.4,0.038,-3.1,-0.3,-3.4,-0.6,2023,Regular Season,25.86764705882353,22,672,10.5,0.535,0.549,0.138,1.3,4.0,2.6,17.1,1.4,0.6,10.6,19.5,0.3,0.5,0.7,0.051,-1.9,0.4,-1.5,0.1,Playoffs,30.545454545454547,1.5,0.7,0.0129999999999999,0.0129999999999999
Garrett Temple,SG,33,BRK,62,1730,10.5,0.513,0.658,0.148,1.8,11.1,6.5,12.8,1.3,1.4,9.0,16.6,0.7,1.7,2.4,0.066,-1.4,0.3,-1.1,0.4,2020,Regular Season,27.90322580645161,4,137,4.6,0.465,0.735,0.122,0.0,8.7,4.0,9.3,1.0,0.7,10.4,17.3,-0.2,-0.1,-0.3,-0.095,-4.2,-1.8,-6.1,-0.1,Playoffs,34.25,-5.9,-0.5,-0.161,0.161
Gary Harris,SG,24,DEN,57,1639,12.2,0.526,0.38,0.226,2.7,7.9,5.3,11.0,1.6,1.0,8.9,20.0,1.1,1.5,2.6,0.076,-1.2,-0.4,-1.6,0.2,2019,Regular Season,28.75438596491228,14,517,13.5,0.569,0.361,0.241,1.8,10.1,5.9,9.3,1.2,1.2,5.9,16.0,0.9,0.2,1.1,0.1,-1.1,0.8,-0.3,0.2,Playoffs,36.92857142857143,1.3000000000000007,0.0,0.024,0.024
Gary Trent Jr.,SF,21,POR,61,1332,12.9,0.587,0.608,0.102,2.0,5.8,3.9,6.3,1.7,1.0,4.4,15.3,2.2,0.3,2.5,0.089,0.5,-0.8,-0.3,0.6,2020,Regular Season,21.83606557377049,5,153,5.8,0.499,0.533,0.156,3.4,3.5,3.4,2.9,1.2,0.0,9.4,14.5,0.0,0.0,0.0,-0.007,-2.1,-2.1,-4.2,-0.1,Playoffs,30.6,-7.1000000000000005,-0.7,-0.096,0.096
Gary Trent Jr.,SG,23,TOR,70,2448,14.7,0.546,0.502,0.188,1.1,7.7,4.2,8.8,2.5,0.8,5.8,21.8,3.1,2.5,5.6,0.11,-0.1,0.3,0.2,1.3,2022,Regular Season,34.97142857142857,6,199,12.4,0.509,0.476,0.232,0.6,6.2,3.1,6.4,1.6,1.6,3.2,21.8,0.1,-0.1,0.1,0.014,-0.7,-0.7,-1.4,0.0,Playoffs,33.166666666666664,-2.299999999999999,-1.3,-0.096,0.096
Giannis Antetokounmpo,PF,24,MIL,72,2358,30.9,0.644,0.163,0.55,7.3,30.0,19.3,30.3,1.8,3.9,14.8,32.3,8.9,5.5,14.4,0.292,6.3,4.1,10.4,7.4,2019,Regular Season,32.75,15,514,26.5,0.57,0.21,0.641,7.5,27.7,17.9,25.1,1.6,5.3,13.0,32.2,1.1,1.3,2.3,0.219,5.0,3.3,8.4,1.4,Playoffs,34.266666666666666,-4.399999999999999,-6.0,-0.0729999999999999,0.0729999999999999
Giannis Antetokounmpo,PF,25,MIL,63,1917,31.9,0.613,0.237,0.508,7.7,34.8,22.1,34.2,1.5,3.0,13.2,37.5,6.1,5.0,11.1,0.279,7.4,4.1,11.5,6.6,2020,Regular Season,30.428571428571427,9,277,31.3,0.61,0.248,0.503,10.3,38.2,24.0,36.7,1.0,3.1,13.2,35.2,0.9,0.5,1.4,0.238,7.8,3.4,11.2,0.9,Playoffs,30.77777777777778,-0.5999999999999979,-5.699999999999999,-0.041,0.041
Giannis Antetokounmpo,PF,26,MIL,61,2013,29.2,0.633,0.201,0.528,5.3,28.9,17.5,28.7,1.7,3.2,13.2,32.5,6.9,3.3,10.2,0.244,6.2,2.8,9.0,5.6,2021,Regular Season,33.0,21,800,27.6,0.599,0.159,0.469,7.8,28.7,18.0,24.3,1.3,2.9,10.8,31.8,2.0,1.7,3.7,0.224,6.7,3.2,9.9,2.4,Playoffs,38.095238095238095,-1.599999999999998,-3.2,-0.0199999999999999,0.0199999999999999
Giannis Antetokounmpo,PF,27,MIL,67,2204,32.1,0.633,0.194,0.615,6.6,30.4,18.7,31.7,1.6,4.0,12.2,34.9,9.2,3.7,12.9,0.281,7.6,3.5,11.2,7.4,2022,Regular Season,32.8955223880597,12,448,26.8,0.552,0.144,0.47,6.2,31.8,19.4,36.9,0.9,3.4,13.6,38.5,0.6,1.1,1.7,0.178,6.5,4.0,10.4,1.4,Playoffs,37.333333333333336,-5.300000000000001,-6.0,-0.103,0.103
Giannis Antetokounmpo,PF,28,MIL,63,2024,29.0,0.605,0.134,0.604,7.3,30.0,19.1,33.2,1.2,2.1,13.2,38.8,4.9,3.7,8.6,0.204,5.8,2.7,8.5,5.4,2023,Regular Season,32.12698412698413,3,91,18.8,0.525,0.057,0.585,9.5,32.4,20.4,29.8,0.5,1.9,17.4,37.3,-0.1,0.1,0.0,-0.026,1.3,0.6,2.0,0.1,Playoffs,30.33333333333333,-10.2,-5.300000000000001,-0.2299999999999999,0.2299999999999999
Goran Dragić,PG,33,MIA,59,1663,16.3,0.573,0.467,0.34,2.0,10.2,6.3,29.2,1.2,0.6,14.8,25.9,2.2,1.3,3.5,0.102,1.4,-1.6,-0.1,0.8,2020,Regular Season,28.1864406779661,17,553,15.9,0.549,0.399,0.228,2.8,11.3,7.2,24.1,1.5,0.4,11.7,27.4,0.4,0.4,0.8,0.07,1.1,-0.8,0.3,0.3,Playoffs,32.529411764705884,-0.4000000000000003,-0.5,-0.0319999999999999,0.0319999999999999
Gordon Hayward,SF,29,BOS,52,1740,18.1,0.595,0.317,0.207,3.4,17.8,10.7,18.7,1.1,1.2,11.2,21.1,3.5,2.2,5.7,0.158,2.6,0.1,2.7,2.0,2020,Regular Season,33.46153846153846,5,157,11.0,0.504,0.48,0.16,2.2,11.7,7.2,13.5,2.2,1.3,11.6,17.2,0.0,0.3,0.2,0.076,-0.5,0.3,-0.1,0.1,Playoffs,31.4,-7.100000000000001,-1.9,-0.082,0.082
Herbert Jones,PF,23,NOP,78,2335,12.3,0.573,0.293,0.283,4.5,9.6,7.0,10.0,2.7,2.5,13.4,13.7,2.1,2.5,4.6,0.096,-2.0,1.5,-0.5,0.9,2022,Regular Season,29.935897435897434,6,226,11.6,0.596,0.273,0.5,3.9,6.7,5.2,6.8,2.5,1.9,13.0,11.7,0.3,0.1,0.4,0.077,-1.1,1.5,0.4,0.1,Playoffs,37.66666666666666,-0.7000000000000011,-0.8,-0.019,0.019
J.J. Redick,SG,34,PHI,76,2379,15.1,0.602,0.589,0.248,0.9,7.2,4.1,12.9,0.6,0.6,8.1,21.9,4.6,1.2,5.9,0.118,2.2,-2.0,0.2,1.3,2019,Regular Season,31.30263157894737,12,376,8.8,0.606,0.702,0.161,0.3,4.4,2.4,7.5,0.1,0.7,14.2,17.4,0.3,0.2,0.5,0.059,-0.1,-2.0,-2.1,0.0,Playoffs,31.33333333333333,-6.299999999999999,-1.3,-0.059,0.059
Ja Morant,PG,21,MEM,63,2053,16.7,0.537,0.252,0.389,3.0,10.1,6.5,33.5,1.3,0.6,15.3,27.2,1.6,1.6,3.2,0.074,1.3,-1.6,-0.4,0.8,2021,Regular Season,32.58730158730159,5,203,21.5,0.578,0.274,0.354,3.5,10.1,6.5,31.1,0.5,0.0,11.5,30.7,0.5,-0.1,0.3,0.074,5.1,-2.3,2.8,0.2,Playoffs,40.6,4.800000000000001,-0.6000000000000001,0.0,0.0
Ja Morant,PG,22,MEM,57,1889,24.4,0.575,0.218,0.353,4.2,14.1,9.0,34.1,1.7,1.0,12.6,33.7,4.6,2.1,6.7,0.171,6.2,-0.1,6.1,3.9,2022,Regular Season,33.14035087719298,9,338,24.3,0.549,0.272,0.473,3.8,19.5,11.2,44.2,2.5,1.2,12.6,30.8,0.8,0.5,1.3,0.191,6.0,2.4,8.4,0.9,Playoffs,37.55555555555556,-0.0999999999999978,-3.0,0.0199999999999999,0.0199999999999999
Ja Morant,PG,23,MEM,61,1948,23.3,0.557,0.247,0.409,3.3,16.1,9.7,41.1,1.6,0.7,12.6,34.9,3.4,2.6,6.0,0.148,5.2,0.5,5.7,3.8,2023,Regular Season,31.9344262295082,5,187,18.4,0.524,0.292,0.245,4.1,15.2,9.2,34.4,2.3,0.5,12.6,30.1,0.0,0.3,0.3,0.082,4.2,2.1,6.3,0.4,Playoffs,37.4,-4.900000000000002,-3.4,-0.0659999999999999,0.0659999999999999
Jae Crowder,SF,29,MIA,65,1875,12.5,0.553,0.7,0.222,3.0,18.5,11.0,11.5,1.8,1.2,10.0,15.5,1.6,2.2,3.8,0.098,-0.5,0.4,-0.1,0.9,2020,Regular Season,28.846153846153847,21,660,12.2,0.57,0.801,0.229,2.0,17.9,10.2,9.0,1.1,1.8,6.3,16.2,0.6,0.7,1.3,0.095,1.0,0.0,0.9,0.5,Playoffs,31.428571428571427,-0.3000000000000007,-0.4,-0.003,0.003
Jae Crowder,PF,30,PHO,60,1648,11.8,0.574,0.772,0.152,2.2,16.9,9.7,10.0,1.4,1.5,9.5,15.7,1.4,1.9,3.3,0.097,0.3,0.8,1.1,1.3,2021,Regular Season,27.466666666666665,22,729,11.4,0.594,0.772,0.19,1.6,17.9,10.2,7.5,1.3,2.3,8.7,13.7,0.6,1.2,1.8,0.119,0.2,1.7,1.9,0.7,Playoffs,33.13636363636363,-0.4000000000000003,-0.6000000000000001,0.0219999999999999,0.0219999999999999
Jalen Brunson,SG,25,DAL,79,2524,17.1,0.583,0.25,0.211,1.9,11.7,6.8,24.3,1.3,0.1,10.1,21.9,4.9,2.7,7.5,0.143,0.9,0.0,0.9,1.9,2022,Regular Season,31.949367088607595,18,629,20.1,0.553,0.241,0.289,2.8,12.9,7.8,20.0,1.2,0.1,5.1,27.8,1.3,0.3,1.6,0.123,2.0,-0.5,1.5,0.6,Playoffs,34.94444444444444,3.0,-1.2999999999999998,-0.0199999999999999,0.0199999999999999
Jalen Brunson,PG,26,NYK,68,2379,21.2,0.597,0.269,0.328,1.8,9.3,5.6,28.7,1.3,0.6,9.4,27.2,6.9,1.8,8.7,0.175,4.4,-0.5,3.9,3.5,2023,Regular Season,34.98529411764706,11,443,22.9,0.589,0.348,0.296,2.3,11.5,7.0,28.6,2.0,0.2,8.1,28.4,1.4,0.6,2.1,0.227,6.1,1.6,7.7,1.1,Playoffs,40.27272727272727,1.6999999999999993,-2.4,0.052,0.052
Jamal Murray,PG,21,DEN,75,2447,16.0,0.538,0.353,0.19,2.9,11.2,7.0,22.4,1.3,1.0,11.1,24.9,2.8,2.3,5.1,0.1,1.4,-0.8,0.6,1.6,2019,Regular Season,32.626666666666665,14,508,19.4,0.534,0.329,0.246,3.9,8.8,6.3,21.8,1.4,0.3,7.3,26.4,1.1,0.2,1.3,0.12,3.2,-0.4,2.8,0.6,Playoffs,36.285714285714285,3.3999999999999986,-1.0,0.0199999999999999,0.0199999999999999
Jamal Murray,PG,22,DEN,59,1904,17.7,0.559,0.362,0.207,2.7,11.2,6.9,22.9,1.7,0.8,11.5,25.2,2.8,1.5,4.3,0.107,2.0,-0.8,1.2,1.5,2020,Regular Season,32.271186440677965,19,753,23.7,0.626,0.372,0.212,3.2,11.3,7.3,30.0,1.2,0.8,11.6,27.6,2.5,0.2,2.7,0.174,6.1,-0.2,5.9,1.5,Playoffs,39.63157894736842,6.0,0.0,0.0669999999999999,0.0669999999999999
Jamal Murray,PG,25,DEN,65,2133,18.0,0.571,0.415,0.207,2.7,11.0,6.9,27.5,1.5,0.7,11.3,26.1,3.3,1.9,5.1,0.116,2.6,-1.3,1.3,1.8,2023,Regular Season,32.815384615384616,20,799,21.6,0.586,0.363,0.198,2.3,13.8,8.2,28.1,1.9,0.5,10.1,27.9,2.0,1.0,3.0,0.181,4.1,0.7,4.8,1.4,Playoffs,39.95,3.6000000000000014,-0.4000000000000001,0.0649999999999999,0.0649999999999999
James Harden,PG,29,HOU,78,2867,30.6,0.616,0.539,0.449,2.5,17.8,10.0,39.5,2.7,1.7,14.5,40.5,11.4,3.8,15.2,0.254,9.4,1.6,11.0,9.3,2019,Regular Season,36.756410256410255,11,424,25.2,0.567,0.519,0.371,2.5,17.3,10.1,33.7,2.8,2.2,14.2,37.1,1.0,0.7,1.7,0.189,6.4,1.7,8.1,1.1,Playoffs,38.54545454545455,-5.400000000000002,-8.200000000000001,-0.065,0.065
James Harden,SG,30,HOU,68,2483,29.1,0.626,0.557,0.528,2.9,16.0,9.4,35.9,2.3,2.1,14.2,36.3,9.9,3.2,13.1,0.254,8.1,1.6,9.6,7.3,2020,Regular Season,36.51470588235294,12,448,27.5,0.636,0.513,0.509,2.8,14.4,8.3,38.8,2.0,2.2,13.9,32.4,1.7,0.7,2.4,0.253,7.5,1.9,9.4,1.3,Playoffs,37.333333333333336,-1.6000000000000014,-6.0,-0.001,0.001
James Harden,PG,31,BRK,44,1609,24.5,0.618,0.455,0.44,2.5,20.6,11.9,44.4,1.6,1.8,16.8,28.4,5.3,1.7,7.0,0.208,6.2,1.0,7.2,3.7,2021,Regular Season,36.56818181818182,9,322,23.9,0.673,0.611,0.574,2.5,16.4,9.8,35.1,2.3,1.7,16.1,22.7,1.2,0.6,1.8,0.263,7.0,2.0,9.1,0.9,Playoffs,35.77777777777778,-0.6000000000000014,-2.8000000000000003,0.055,0.055
James Harden,PG,32,PHI,65,2419,20.9,0.583,0.452,0.54,2.6,19.7,11.3,40.3,1.7,1.3,18.8,27.2,4.9,2.7,7.6,0.152,3.7,0.3,4.0,3.7,2022,Regular Season,37.215384615384615,12,479,16.8,0.584,0.481,0.475,3.0,13.9,8.7,34.8,1.0,1.5,20.7,23.7,0.7,0.4,1.1,0.112,2.5,-0.6,1.9,0.5,Playoffs,39.91666666666666,-4.099999999999998,-3.2,-0.0399999999999999,0.0399999999999999
James Harden,PG,33,PHI,58,2135,21.6,0.607,0.496,0.429,2.3,17.1,9.8,43.3,1.6,1.4,16.3,25.0,5.8,2.6,8.4,0.188,5.1,0.3,5.4,4.0,2023,Regular Season,36.810344827586206,11,427,18.5,0.538,0.448,0.301,1.6,17.4,9.3,36.2,2.5,1.0,14.5,26.2,0.5,0.5,1.0,0.111,3.0,1.1,4.1,0.6,Playoffs,38.81818181818182,-3.1000000000000014,-3.4,-0.077,0.077
Jaren Jackson Jr.,C,23,MEM,63,1787,21.6,0.613,0.343,0.372,6.4,18.8,12.6,5.0,1.7,9.6,10.1,24.7,2.8,3.8,6.6,0.177,0.7,2.0,2.8,2.2,2023,Regular Season,28.365079365079364,6,220,14.1,0.546,0.301,0.434,8.6,13.4,10.8,6.5,1.3,4.8,15.4,22.2,0.0,0.3,0.3,0.072,-1.5,1.4,-0.1,0.1,Playoffs,36.66666666666666,-7.500000000000002,-2.1,-0.105,0.105
Jarrett Allen,C,21,BRK,70,1852,20.7,0.664,0.013,0.581,12.3,24.9,18.7,8.9,1.0,4.2,11.7,14.9,5.2,2.9,8.2,0.212,1.4,1.0,2.3,2.0,2020,Regular Season,26.457142857142856,4,132,17.1,0.66,0.0,0.667,12.1,34.5,22.5,10.5,0.7,5.1,26.2,13.1,0.2,0.1,0.2,0.078,-0.3,0.3,-0.1,0.1,Playoffs,33.0,-3.599999999999998,-1.9,-0.134,0.134
Jarrett Allen,C,24,CLE,68,2220,19.9,0.67,0.016,0.353,11.7,23.6,17.7,7.5,1.2,3.5,11.4,16.4,5.5,4.0,9.5,0.205,1.3,1.0,2.4,2.4,2023,Regular Season,32.64705882352941,5,191,13.9,0.608,0.0,0.167,9.5,12.9,11.3,10.2,1.1,2.3,7.2,10.2,0.3,0.3,0.6,0.15,0.6,1.8,2.4,0.2,Playoffs,38.2,-5.999999999999998,-2.2,-0.0549999999999999,0.0549999999999999
Jaylen Brown,SG,22,BOS,74,1913,13.5,0.547,0.348,0.255,3.6,13.9,8.7,7.7,1.7,1.5,10.1,22.1,0.7,2.4,3.0,0.076,-1.6,-0.4,-2.1,0.0,2019,Regular Season,25.85135135135135,9,274,13.1,0.624,0.46,0.345,2.3,16.4,9.7,6.3,1.1,0.7,13.0,18.4,0.3,0.4,0.7,0.122,-0.5,1.2,0.7,0.2,Playoffs,30.444444444444443,-0.4000000000000003,0.2,0.046,0.046
Jaylen Brown,SG,23,BOS,57,1934,16.9,0.583,0.381,0.274,3.5,16.5,10.1,9.7,1.6,1.0,11.2,24.7,2.3,2.6,4.9,0.123,1.0,-0.2,0.8,1.4,2020,Regular Season,33.92982456140351,17,672,17.1,0.586,0.417,0.219,4.2,16.5,10.6,9.9,1.9,1.3,11.5,23.7,0.7,1.1,1.8,0.13,2.2,1.1,3.3,0.9,Playoffs,39.52941176470589,0.2000000000000028,-0.4999999999999999,0.007,0.007
Jaylen Brown,SF,25,BOS,66,2220,18.9,0.574,0.381,0.261,2.6,16.7,9.8,17.9,1.6,0.7,11.6,30.5,2.3,3.4,5.8,0.124,1.9,0.1,2.1,2.2,2022,Regular Season,33.63636363636363,24,920,17.2,0.581,0.384,0.313,4.2,15.7,10.2,16.8,1.5,1.0,13.4,26.9,0.9,1.3,2.2,0.115,1.8,0.8,2.6,1.1,Playoffs,38.333333333333336,-1.6999999999999993,-1.1,-0.0089999999999999,0.0089999999999999
Jaylen Brown,SF,26,BOS,67,2405,19.1,0.581,0.352,0.249,3.6,17.0,10.4,16.5,1.5,0.9,11.4,31.4,1.6,3.4,5.0,0.1,1.5,-0.2,1.3,2.0,2023,Regular Season,35.8955223880597,20,751,15.5,0.57,0.31,0.203,3.9,12.9,8.5,15.0,1.4,0.9,14.2,27.9,0.2,0.6,0.8,0.051,-0.4,-0.6,-0.9,0.2,Playoffs,37.55,-3.6000000000000014,-1.8,-0.049,0.049
Jayson Tatum,SF,20,BOS,79,2455,15.1,0.547,0.3,0.22,3.0,17.7,10.4,10.0,1.6,2.1,9.7,22.1,1.6,3.4,5.0,0.097,-0.4,0.2,-0.2,1.1,2019,Regular Season,31.075949367088608,9,295,13.4,0.53,0.277,0.348,2.5,17.5,10.4,10.0,1.6,2.2,12.2,21.9,-0.1,0.6,0.5,0.08,-0.5,1.6,1.0,0.2,Playoffs,32.77777777777778,-1.6999999999999993,-0.9000000000000001,-0.017,0.017
Jayson Tatum,PF,21,BOS,66,2265,20.4,0.567,0.383,0.255,3.1,18.5,10.9,14.5,2.0,2.3,10.2,28.6,3.2,3.7,6.9,0.146,3.5,0.6,4.0,3.4,2020,Regular Season,34.31818181818182,17,690,20.7,0.563,0.377,0.368,3.7,23.1,13.8,21.3,1.2,2.9,11.0,28.2,1.1,1.3,2.3,0.163,4.5,1.8,6.3,1.4,Playoffs,40.588235294117645,0.3000000000000007,-2.0,0.017,0.017
Jayson Tatum,SF,22,BOS,64,2290,21.3,0.576,0.368,0.258,2.4,20.7,11.5,20.3,1.6,1.3,10.4,30.8,4.1,2.5,6.5,0.137,4.2,-0.3,3.9,3.4,2021,Regular Season,35.78125,5,185,24.1,0.577,0.324,0.441,1.8,17.2,9.1,22.8,1.6,4.1,8.9,33.3,0.5,-0.1,0.4,0.114,5.8,0.7,6.5,0.4,Playoffs,37.0,2.8000000000000007,-3.0,-0.023,0.023
Jayson Tatum,SF,23,BOS,76,2731,21.8,0.578,0.416,0.3,3.5,20.2,12.1,21.1,1.4,1.6,10.9,32.1,5.0,4.6,9.6,0.169,4.3,0.6,4.9,4.8,2022,Regular Season,35.93421052631579,24,983,17.6,0.562,0.415,0.36,2.8,15.2,9.2,26.9,1.5,2.0,15.5,29.6,0.8,1.5,2.2,0.11,3.1,1.4,4.5,1.6,Playoffs,40.958333333333336,-4.199999999999999,-3.2,-0.059,0.059
Jayson Tatum,SF,24,BOS,74,2732,23.7,0.607,0.44,0.399,3.2,22.5,13.0,20.9,1.4,1.6,10.4,32.7,6.2,4.3,10.5,0.185,4.8,0.7,5.5,5.1,2023,Regular Season,36.91891891891892,20,799,22.6,0.585,0.406,0.339,3.8,25.6,15.0,21.4,1.3,2.3,10.8,29.4,1.7,1.1,2.8,0.168,4.0,1.3,5.3,1.5,Playoffs,39.95,-1.099999999999998,-3.6,-0.0169999999999999,0.0169999999999999
Jerami Grant,PF,24,OKC,80,2612,13.8,0.592,0.356,0.269,3.7,13.1,8.2,4.2,1.1,3.2,6.8,15.4,4.0,3.3,7.3,0.134,-0.4,0.6,0.2,1.5,2019,Regular Season,32.65,5,176,13.2,0.634,0.5,0.325,3.6,13.8,8.6,3.4,0.8,4.8,8.0,12.1,0.3,0.1,0.4,0.11,0.6,1.9,2.5,0.2,Playoffs,35.2,-0.6000000000000014,-1.3,-0.024,0.024
Jerami Grant,PF,25,DEN,71,1892,14.4,0.591,0.397,0.309,3.4,11.2,7.3,6.6,1.3,2.8,8.0,18.0,2.8,1.6,4.4,0.111,0.1,-0.6,-0.5,0.7,2020,Regular Season,26.64788732394366,19,653,9.0,0.556,0.543,0.309,1.5,10.0,5.7,5.5,0.9,2.2,11.2,15.6,0.3,0.2,0.5,0.033,-1.7,-1.0,-2.8,-0.1,Playoffs,34.36842105263158,-5.4,-0.7999999999999999,-0.078,0.078
Jimmy Butler,SF,29,PHI,65,2185,20.2,0.571,0.213,0.404,6.0,10.5,8.3,18.0,2.7,1.4,8.2,22.3,5.4,2.5,7.9,0.173,2.8,0.9,3.7,3.2,2019,Regular Season,33.61538461538461,12,421,21.1,0.564,0.257,0.411,6.0,12.5,9.4,23.2,2.0,1.5,9.6,22.9,1.2,0.6,1.7,0.195,4.4,1.8,6.2,0.9,Playoffs,35.083333333333336,0.9000000000000021,-2.3000000000000003,0.022,0.022
Jimmy Butler,SF,30,MIA,58,1959,23.6,0.585,0.157,0.693,6.3,15.4,11.0,28.1,2.6,1.6,11.4,25.1,6.3,2.7,9.0,0.221,4.0,1.5,5.4,3.7,2020,Regular Season,33.77586206896552,21,806,23.8,0.616,0.146,0.647,6.8,12.5,9.7,26.3,2.5,1.7,13.5,24.7,2.5,1.0,3.5,0.209,4.4,1.5,5.9,1.6,Playoffs,38.38095238095238,0.1999999999999993,-2.1,-0.012,0.012
Jimmy Butler,SF,31,MIA,52,1745,26.5,0.607,0.139,0.565,6.3,17.1,11.8,35.1,3.1,1.1,10.6,26.6,6.6,2.7,9.3,0.255,5.4,2.3,7.7,4.3,2021,Regular Season,33.55769230769231,4,154,9.7,0.394,0.234,0.344,3.6,15.8,9.5,30.7,1.6,0.6,10.9,23.6,-0.3,0.1,-0.2,-0.064,-0.9,-0.5,-1.4,0.0,Playoffs,38.5,-16.8,-4.3,-0.319,0.319
Jimmy Butler,SF,32,MIA,57,1931,23.6,0.592,0.14,0.549,6.1,13.5,9.9,26.4,2.4,1.5,10.5,26.5,6.2,2.9,9.2,0.228,4.5,1.9,6.3,4.0,2022,Regular Season,33.87719298245614,17,629,29.9,0.604,0.207,0.402,7.4,16.3,11.7,23.5,2.8,1.9,6.1,29.1,2.7,1.1,3.8,0.291,8.3,3.5,11.8,2.2,Playoffs,37.0,6.299999999999997,-1.7999999999999998,0.0629999999999999,0.0629999999999999
Jimmy Butler,PF,33,MIA,64,2138,27.6,0.647,0.116,0.625,7.5,13.3,10.3,27.1,2.7,1.0,8.2,25.6,9.4,2.9,12.3,0.277,6.7,2.0,8.7,5.8,2023,Regular Season,33.40625,22,874,24.0,0.565,0.176,0.421,6.0,12.6,9.3,25.1,2.3,1.6,7.3,29.1,2.4,1.1,3.4,0.189,5.0,1.5,6.5,1.9,Playoffs,39.72727272727273,-3.6000000000000014,-3.9,-0.088,0.088
Joe Harris,SF,28,BRK,69,2123,13.3,0.606,0.518,0.114,3.2,11.2,7.3,10.4,0.9,0.7,11.2,18.3,2.5,1.8,4.3,0.097,0.4,-0.6,-0.2,1.0,2020,Regular Season,30.768115942028984,2,72,12.7,0.666,0.522,0.174,2.6,27.1,14.0,4.7,0.6,0.0,10.8,15.9,0.1,0.0,0.0,0.03,0.4,0.0,0.4,0.0,Playoffs,36.0,-0.6000000000000014,-1.0,-0.067,0.067
Joe Harris,SF,29,BRK,69,2141,14.1,0.663,0.628,0.089,2.3,10.1,6.4,8.4,1.0,0.6,7.8,16.2,4.1,1.1,5.2,0.117,1.5,-1.2,0.4,1.3,2021,Regular Season,31.02898550724637,12,434,7.1,0.537,0.667,0.033,1.3,9.3,5.5,6.0,0.5,0.4,6.7,14.0,0.0,0.4,0.5,0.053,-1.5,-1.7,-3.2,-0.1,Playoffs,36.16666666666666,-7.0,-1.4,-0.064,0.064
Joe Ingles,PF,31,UTA,82,2568,13.4,0.581,0.602,0.153,1.5,12.2,7.0,26.1,1.8,0.6,18.4,17.5,2.5,3.6,6.0,0.113,0.3,1.1,1.4,2.2,2019,Regular Season,31.317073170731707,5,151,9.6,0.432,0.784,0.0,2.0,15.2,8.3,25.8,3.5,0.0,17.8,12.7,-0.1,0.2,0.1,0.042,-2.9,3.4,0.5,0.1,Playoffs,30.2,-3.8000000000000007,-2.1,-0.071,0.071
Joe Ingles,PF,32,UTA,72,2137,12.6,0.595,0.638,0.17,1.4,12.5,7.2,24.4,1.5,0.4,19.3,15.1,2.7,2.1,4.8,0.108,0.1,0.7,0.7,1.5,2020,Regular Season,29.68055555555556,7,234,12.0,0.565,0.741,0.111,0.5,11.3,6.0,19.5,0.9,0.4,6.6,12.1,0.5,0.0,0.5,0.093,-0.1,-0.2,-0.3,0.1,Playoffs,33.42857142857143,-0.5999999999999996,-1.4,-0.015,0.015
Joel Embiid,C,24,PHI,64,2154,26.1,0.593,0.219,0.541,8.1,34.0,21.4,18.4,1.0,4.4,13.2,33.3,4.9,3.8,8.7,0.194,4.0,0.9,4.9,3.8,2019,Regular Season,33.65625,11,334,21.8,0.559,0.245,0.566,7.2,28.9,18.6,17.9,1.2,6.7,16.8,30.2,0.3,0.7,1.0,0.149,2.5,2.6,5.1,0.6,Playoffs,30.363636363636363,-4.300000000000001,-3.2,-0.045,0.045
Joel Embiid,C,25,PHI,51,1506,25.8,0.59,0.215,0.543,10.3,33.2,21.7,16.9,1.4,3.7,13.8,32.9,3.3,2.7,6.0,0.192,3.7,1.0,4.7,2.5,2020,Regular Season,29.529411764705884,4,145,26.6,0.6,0.216,0.797,8.0,28.9,18.2,7.5,2.1,3.2,13.0,34.6,0.3,0.2,0.5,0.165,5.1,1.0,6.2,0.3,Playoffs,36.25,0.8000000000000007,-2.2,-0.0269999999999999,0.0269999999999999
Joel Embiid,C,26,PHI,51,1585,30.3,0.636,0.171,0.61,8.0,29.1,18.7,16.2,1.5,3.9,12.2,35.3,5.6,3.2,8.8,0.266,6.3,1.2,7.5,3.8,2021,Regular Season,31.07843137254902,11,357,26.2,0.631,0.208,0.553,5.1,29.7,17.8,17.2,1.5,3.6,14.6,34.6,0.7,0.8,1.5,0.197,4.7,2.8,7.5,0.9,Playoffs,32.45454545454545,-4.100000000000001,-2.9,-0.069,0.069
Joel Embiid,C,27,PHI,68,2297,31.2,0.616,0.188,0.602,7.2,31.1,19.4,23.5,1.7,3.9,11.3,37.2,7.9,4.1,12.0,0.252,7.2,2.0,9.2,6.5,2022,Regular Season,33.779411764705884,10,385,19.1,0.59,0.205,0.553,7.0,26.2,17.0,9.9,0.5,1.9,13.8,28.4,0.5,0.4,0.9,0.117,1.1,-1.0,0.1,0.2,Playoffs,38.5,-12.099999999999998,-6.3,-0.135,0.135
Joel Embiid,C,28,PHI,66,2284,31.4,0.655,0.151,0.581,5.9,28.3,17.3,22.9,1.4,4.6,11.9,37.0,8.4,3.9,12.3,0.259,6.8,2.3,9.2,6.4,2023,Regular Season,34.60606060606061,9,336,20.3,0.561,0.183,0.549,5.4,25.6,15.3,12.7,0.9,8.1,15.6,31.0,0.1,0.5,0.6,0.09,0.9,1.0,1.9,0.3,Playoffs,37.333333333333336,-11.099999999999998,-6.1000000000000005,-0.169,0.169
John Collins,PF,23,ATL,63,1848,20.6,0.645,0.27,0.265,7.1,20.3,13.8,6.9,0.9,3.0,8.9,22.2,4.8,1.9,6.7,0.174,2.5,-0.2,2.3,2.0,2021,Regular Season,29.33333333333333,18,576,15.3,0.632,0.308,0.198,6.9,22.7,14.9,4.4,0.7,1.6,10.4,17.0,0.9,0.8,1.7,0.14,1.1,-0.2,0.9,0.4,Playoffs,32.0,-5.300000000000001,-1.6,-0.0339999999999999,0.0339999999999999
Jonas Valančiūnas,C,28,MEM,62,1755,24.4,0.636,0.077,0.273,15.1,31.9,23.4,10.0,1.0,2.9,10.7,22.4,5.1,2.6,7.8,0.213,3.2,-0.3,3.0,2.2,2021,Regular Season,28.306451612903224,5,166,17.7,0.61,0.138,0.138,12.3,21.1,16.3,10.8,0.9,1.9,14.0,18.2,0.3,0.0,0.3,0.081,1.0,-1.2,-0.2,0.1,Playoffs,33.2,-6.699999999999999,-2.1,-0.132,0.132
Josh Hart,SF,27,NYK,76,2454,14.1,0.622,0.315,0.338,6.5,21.0,13.7,16.1,1.8,0.8,16.4,12.6,3.8,2.2,6.0,0.118,-0.2,1.1,0.9,1.8,2023,Regular Season,32.28947368421053,11,353,10.8,0.55,0.34,0.234,5.8,20.3,13.1,11.2,1.3,0.9,16.8,15.7,0.1,0.6,0.6,0.088,-1.9,0.9,-0.9,0.1,Playoffs,32.09090909090909,-3.299999999999999,-1.7,-0.03,0.03
Josh Richardson,SG,26,PHI,55,1693,12.0,0.533,0.385,0.218,2.7,8.7,5.7,13.9,1.5,1.8,12.8,20.6,0.5,1.7,2.1,0.061,-1.4,-0.4,-1.8,0.1,2020,Regular Season,30.78181818181818,4,144,11.8,0.524,0.5,0.321,2.9,8.4,5.6,16.3,0.7,1.3,11.1,21.8,0.1,0.0,0.1,0.027,0.5,-0.7,-0.1,0.1,Playoffs,36.0,-0.1999999999999993,0.0,-0.034,0.034
Jrue Holiday,PG,30,MIL,59,1907,20.0,0.592,0.344,0.165,4.2,10.4,7.4,26.3,2.4,1.7,12.6,22.2,4.3,2.2,6.6,0.165,2.8,0.6,3.4,2.6,2021,Regular Season,32.32203389830509,23,912,15.2,0.482,0.365,0.144,3.7,12.0,7.8,31.4,2.1,1.0,11.9,22.1,0.5,1.6,2.1,0.111,1.2,1.2,2.4,1.0,Playoffs,39.65217391304348,-4.800000000000001,-1.6,-0.054,0.054
Jrue Holiday,PG,31,MIL,67,2207,19.8,0.593,0.336,0.189,3.4,10.9,7.2,31.8,2.4,1.3,15.0,23.5,4.5,2.4,6.9,0.15,2.9,0.3,3.2,2.9,2022,Regular Season,32.940298507462686,12,463,13.8,0.461,0.336,0.132,2.8,11.8,7.4,27.6,2.2,1.5,12.0,26.4,-0.4,1.0,0.6,0.058,0.9,0.7,1.6,0.4,Playoffs,38.583333333333336,-6.0,-2.5,-0.092,0.092
Jrue Holiday,PG,32,MIL,67,2183,19.2,0.586,0.402,0.173,3.9,12.0,8.1,34.4,1.7,0.9,15.2,25.0,3.9,2.8,6.7,0.148,3.0,0.1,3.1,2.8,2023,Regular Season,32.582089552238806,5,191,13.7,0.491,0.494,0.153,2.3,17.9,9.7,29.1,1.2,0.9,11.7,22.6,0.1,0.1,0.2,0.04,-0.2,-1.2,-1.4,0.0,Playoffs,38.2,-5.5,-2.8,-0.1079999999999999,0.1079999999999999
Julius Randle,PF,26,NYK,71,2667,19.7,0.567,0.294,0.325,3.5,25.7,14.7,27.2,1.2,0.6,13.8,29.3,3.4,4.3,7.8,0.14,2.9,0.9,3.8,3.9,2021,Regular Season,37.563380281690144,5,180,7.2,0.425,0.351,0.287,6.1,29.4,17.1,19.8,0.9,0.0,17.8,31.8,-0.7,0.3,-0.4,-0.109,-2.8,-0.7,-3.5,-0.1,Playoffs,36.0,-12.5,-4.0,-0.249,0.249
Julius Randle,PF,28,NYK,77,2737,20.3,0.581,0.444,0.371,5.6,25.2,15.4,18.5,0.9,0.7,11.5,29.5,5.0,3.1,8.1,0.142,3.9,-0.2,3.7,3.9,2023,Regular Season,35.54545454545455,10,330,11.5,0.485,0.449,0.374,5.9,22.7,14.3,19.2,0.8,0.9,17.0,27.8,-0.4,0.5,0.1,0.017,-0.2,-0.6,-0.8,0.1,Playoffs,33.0,-8.8,-3.8,-0.1249999999999999,0.1249999999999999
Justin Holiday,SF,30,IND,73,1826,12.1,0.585,0.681,0.138,1.9,12.2,7.1,6.7,2.3,2.2,7.9,13.4,1.6,2.6,4.2,0.112,-0.5,1.8,1.3,1.5,2020,Regular Season,25.013698630136982,4,131,10.7,0.65,0.762,0.143,3.5,10.1,6.7,3.3,2.3,3.9,11.8,8.9,0.1,0.1,0.2,0.06,-0.2,1.3,1.1,0.1,Playoffs,32.75,-1.4000000000000004,-1.4,-0.052,0.052
Jusuf Nurkić,C,25,POR,8,253,22.6,0.567,0.092,0.321,9.6,24.1,16.9,19.1,2.1,5.4,13.2,24.0,0.5,0.3,0.9,0.164,1.0,1.0,2.0,0.2,2020,Regular Season,31.625,5,161,15.7,0.529,0.193,0.404,9.1,25.0,17.0,17.8,2.0,0.6,16.2,20.7,0.1,0.2,0.3,0.077,0.9,0.2,1.1,0.1,Playoffs,32.2,-6.900000000000002,-0.1,-0.087,0.087
Karl-Anthony Towns,C,26,MIN,74,2476,24.1,0.64,0.301,0.385,8.2,23.6,15.7,18.0,1.4,3.2,13.7,27.8,7.1,3.2,10.3,0.199,4.5,0.5,5.0,4.4,2022,Regular Season,33.45945945945946,6,222,17.3,0.642,0.275,0.625,5.8,25.7,16.3,10.1,0.8,4.6,20.9,24.9,0.2,0.3,0.5,0.098,0.2,0.2,0.4,0.1,Playoffs,37.0,-6.800000000000001,-4.300000000000001,-0.101,0.101
Karl-Anthony Towns,PF,27,MIN,29,957,18.8,0.618,0.383,0.315,5.7,21.6,13.8,22.0,1.0,1.5,15.0,25.6,1.5,1.1,2.7,0.133,2.1,0.9,3.0,1.2,2023,Regular Season,33.0,5,180,12.2,0.553,0.343,0.4,3.8,29.9,16.5,9.4,0.9,2.0,17.9,25.8,-0.2,0.1,-0.1,-0.02,-3.1,-0.7,-3.8,-0.1,Playoffs,36.0,-6.600000000000001,-1.3,-0.153,0.153
Kawhi Leonard,SF,27,TOR,60,2040,25.8,0.606,0.267,0.377,4.2,18.6,11.6,16.4,2.5,1.0,8.4,30.3,6.1,3.4,9.5,0.224,6.1,1.1,7.2,4.7,2019,Regular Season,34.0,24,939,27.9,0.619,0.292,0.435,6.4,19.3,12.8,19.3,2.1,1.8,11.1,32.0,3.2,1.7,4.9,0.249,7.6,2.4,10.1,2.9,Playoffs,39.125,2.099999999999998,-1.8000000000000005,0.0249999999999999,0.0249999999999999
Kawhi Leonard,SF,28,LAC,57,1848,26.9,0.589,0.287,0.355,3.1,19.1,11.3,26.4,2.6,1.6,10.2,33.0,5.4,3.3,8.7,0.226,6.5,2.4,8.9,5.1,2020,Regular Season,32.421052631578945,13,511,27.8,0.593,0.272,0.351,5.2,21.4,13.2,23.9,2.9,2.1,9.6,29.3,1.6,0.8,2.4,0.228,6.4,2.9,9.4,1.5,Playoffs,39.30769230769231,0.9000000000000021,-3.6,0.002,0.002
Kawhi Leonard,SF,29,LAC,52,1773,26.0,0.622,0.28,0.325,3.6,17.4,10.7,24.9,2.3,1.1,9.2,28.6,6.4,2.4,8.8,0.238,6.0,1.3,7.3,4.2,2021,Regular Season,34.09615384615385,11,432,30.6,0.679,0.286,0.352,6.0,16.6,11.4,20.9,2.8,2.0,8.9,29.1,2.0,0.5,2.5,0.277,8.1,2.6,10.7,1.4,Playoffs,39.27272727272727,4.600000000000001,-2.8000000000000003,0.039,0.039
Kawhi Leonard,SF,31,LAC,52,1748,23.9,0.623,0.287,0.32,3.7,17.8,10.8,19.6,2.0,1.4,8.1,27.0,4.9,2.2,7.1,0.194,5.1,0.9,6.1,3.5,2023,Regular Season,33.61538461538461,2,80,29.9,0.67,0.227,0.386,4.1,15.5,9.4,27.3,2.4,1.0,10.4,30.2,0.4,0.0,0.4,0.227,10.1,3.7,13.8,0.3,Playoffs,40.0,6.0,-3.2,0.033,0.033
Kemba Walker,PG,29,BOS,56,1742,20.0,0.575,0.532,0.272,2.2,11.0,6.7,24.2,1.3,1.5,10.5,27.2,3.9,2.0,5.9,0.162,4.9,-0.3,4.6,2.9,2020,Regular Season,31.107142857142858,17,628,16.9,0.573,0.492,0.316,1.1,10.8,6.2,22.5,1.2,1.1,9.9,23.0,1.1,0.8,1.9,0.148,2.6,0.4,3.0,0.8,Playoffs,36.94117647058823,-3.1000000000000014,-2.1,-0.014,0.014
Kemba Walker,PG,30,BOS,43,1369,17.7,0.559,0.522,0.22,1.3,12.6,6.9,23.8,1.7,0.8,10.6,26.1,2.1,1.1,3.3,0.115,2.8,-0.7,2.1,1.4,2021,Regular Season,31.837209302325583,3,91,4.3,0.419,0.415,0.244,0.0,16.1,7.6,20.1,0.6,0.0,15.0,24.9,-0.2,-0.1,-0.3,-0.163,-6.0,-3.0,-9.1,-0.2,Playoffs,30.33333333333333,-13.4,-1.6,-0.278,0.278
Kentavious Caldwell-Pope,SG,29,DEN,76,2381,11.5,0.598,0.505,0.198,1.7,8.1,5.0,9.8,2.3,1.3,11.1,14.1,2.0,2.5,4.5,0.091,-1.6,0.6,-1.0,0.6,2023,Regular Season,31.32894736842105,20,671,11.3,0.598,0.568,0.216,2.5,8.5,5.6,6.0,2.0,1.7,7.8,12.9,0.8,0.9,1.6,0.117,-1.4,1.3,-0.1,0.3,Playoffs,33.55,-0.1999999999999993,-0.3,0.026,0.026
Kevin Durant,SF,30,GSW,78,2702,24.2,0.631,0.281,0.366,1.4,17.5,9.8,26.2,1.0,2.6,12.3,29.0,8.6,2.9,11.5,0.204,5.4,0.1,5.5,5.1,2019,Regular Season,34.64102564102564,12,442,26.8,0.661,0.329,0.465,0.3,14.7,7.7,21.6,1.4,2.6,12.8,32.9,1.6,0.3,1.9,0.206,6.8,0.8,7.6,1.1,Playoffs,36.833333333333336,2.6000000000000014,-4.0,0.002,0.002
Kevin Durant,PF,32,BRK,35,1157,26.4,0.666,0.313,0.395,1.3,21.3,11.8,27.5,1.0,3.4,14.5,31.2,3.7,1.2,5.0,0.206,6.4,0.8,7.2,2.7,2021,Regular Season,33.05714285714286,12,485,26.9,0.63,0.291,0.358,1.2,23.1,12.6,20.2,1.9,3.5,11.4,34.5,1.2,1.0,2.2,0.214,7.8,2.2,10.0,1.5,Playoffs,40.41666666666666,0.5,-1.2000000000000002,0.008,0.008
Kevin Durant,PF,33,BRK,55,2047,25.6,0.634,0.269,0.367,1.6,19.6,10.8,29.1,1.1,2.3,12.9,31.2,6.4,2.0,8.4,0.198,6.4,0.7,7.2,4.8,2022,Regular Season,37.21818181818182,4,176,13.6,0.526,0.253,0.458,1.5,15.7,8.5,22.3,1.2,0.5,17.4,31.5,0.0,-0.1,-0.1,-0.026,0.4,-3.3,-2.9,0.0,Playoffs,44.0,-12.000000000000002,-4.8,-0.224,0.224
Kevin Durant,PF,34,PHO,47,1672,25.9,0.677,0.267,0.387,1.2,19.5,10.5,24.5,1.0,3.4,13.4,30.7,4.7,2.1,6.8,0.194,6.0,1.2,7.1,3.9,2023,Regular Season,35.57446808510638,11,466,21.1,0.599,0.228,0.429,1.8,21.8,12.0,19.6,1.0,2.7,12.8,28.8,0.9,0.2,1.1,0.114,3.7,0.9,4.6,0.8,Playoffs,42.36363636363637,-4.799999999999997,-3.1,-0.08,0.08
Kevin Huerter,SG,22,ATL,69,2126,12.2,0.541,0.528,0.088,2.0,9.7,6.0,16.3,1.9,0.7,9.4,17.2,1.9,1.7,3.6,0.08,-0.6,0.4,-0.3,1.0,2021,Regular Season,30.81159420289855,18,558,11.2,0.531,0.528,0.094,2.2,11.2,6.7,13.6,1.2,2.5,9.2,16.4,0.2,0.7,0.9,0.076,-0.2,1.3,1.2,0.4,Playoffs,31.0,-1.0,-0.6,-0.004,0.004
Kevin Huerter,SF,23,ATL,74,2188,11.9,0.57,0.541,0.068,1.6,11.0,6.4,13.2,1.2,1.1,10.4,17.5,1.8,1.0,2.8,0.062,-0.5,-0.7,-1.2,0.4,2022,Regular Season,29.56756756756757,5,154,7.7,0.472,0.66,0.085,0.8,11.2,5.9,20.3,2.0,2.0,18.4,17.9,-0.2,0.1,-0.1,-0.017,-1.9,1.1,-0.8,0.0,Playoffs,30.8,-4.2,-0.4,-0.079,0.079
Khris Middleton,SF,27,MIL,77,2393,16.5,0.558,0.413,0.225,2.3,16.5,9.8,20.1,1.6,0.2,12.1,25.1,2.5,3.6,6.1,0.123,0.7,0.1,0.8,1.7,2019,Regular Season,31.07792207792208,15,515,14.7,0.567,0.458,0.259,1.8,16.1,9.2,19.6,0.8,0.0,11.5,21.0,0.7,0.8,1.5,0.139,0.7,0.6,1.3,0.5,Playoffs,34.333333333333336,-1.8000000000000007,-1.2,0.016,0.016
Khris Middleton,SF,28,MIL,62,1853,21.1,0.619,0.374,0.24,2.5,17.0,10.2,22.2,1.3,0.3,11.6,26.4,4.6,3.3,7.9,0.205,3.4,0.7,4.1,2.9,2020,Regular Season,29.887096774193548,10,355,13.5,0.507,0.361,0.256,1.5,19.6,10.4,27.0,1.5,0.6,14.5,28.4,-0.1,0.5,0.3,0.043,-0.4,0.4,0.0,0.2,Playoffs,35.5,-7.600000000000001,-2.7,-0.1619999999999999,0.1619999999999999
Khris Middleton,SF,29,MIL,68,2269,18.2,0.588,0.34,0.22,2.6,15.7,9.4,23.2,1.5,0.4,13.1,25.0,4.1,2.2,6.4,0.135,1.7,-0.3,1.3,1.9,2021,Regular Season,33.36764705882353,23,922,16.5,0.548,0.387,0.215,2.8,17.7,10.1,19.6,1.9,0.4,13.0,26.4,0.6,1.6,2.2,0.115,1.5,1.1,2.6,1.1,Playoffs,40.08695652173913,-1.6999999999999993,-0.7999999999999998,-0.02,0.02
Khris Middleton,SF,30,MIL,66,2141,18.1,0.577,0.425,0.285,2.1,15.3,8.8,25.5,1.7,0.8,14.2,26.7,3.2,2.2,5.3,0.119,1.9,-0.3,1.6,1.9,2022,Regular Season,32.43939393939394,2,72,10.5,0.573,0.583,0.125,1.5,12.4,7.1,29.3,2.0,0.0,30.3,21.8,-0.1,0.1,0.1,0.035,-0.9,1.9,0.9,0.1,Playoffs,36.0,-7.600000000000001,-1.7999999999999998,-0.0839999999999999,0.0839999999999999
Khris Middleton,SF,31,MIL,33,801,17.4,0.551,0.399,0.251,3.8,14.0,9.1,30.7,1.4,0.5,13.6,27.4,1.0,1.0,1.9,0.117,1.0,-0.3,0.8,0.6,2023,Regular Season,24.272727272727277,5,173,19.1,0.6,0.372,0.349,4.4,17.0,10.4,26.9,0.8,0.0,14.6,28.3,0.3,0.0,0.4,0.105,2.5,-0.9,1.6,0.2,Playoffs,34.6,1.7000000000000028,-0.3999999999999999,-0.012,0.012
Klay Thompson,SG,28,GSW,78,2652,16.6,0.571,0.427,0.113,1.6,10.1,6.0,10.5,1.5,1.5,7.2,25.6,2.9,2.3,5.3,0.095,1.1,-1.4,-0.3,1.2,2019,Regular Season,34.0,21,818,14.5,0.575,0.439,0.114,1.7,10.1,6.0,8.3,1.7,1.8,9.1,22.1,0.8,0.4,1.2,0.072,0.6,-0.4,0.2,0.5,Playoffs,38.95238095238095,-2.1000000000000014,-0.7,-0.023,0.023
Klay Thompson,SG,31,GSW,32,941,16.7,0.547,0.517,0.089,1.8,12.4,7.3,16.1,0.8,1.7,6.7,29.6,0.6,1.2,1.8,0.091,2.6,-1.6,1.1,0.7,2022,Regular Season,29.40625,22,792,14.1,0.55,0.543,0.082,1.0,10.9,6.1,9.5,1.5,1.9,6.8,22.7,0.6,0.7,1.3,0.079,1.1,-0.4,0.7,0.6,Playoffs,36.0,-2.6,-0.0999999999999999,-0.0119999999999999,0.0119999999999999
Klay Thompson,SF,32,GSW,69,2279,14.7,0.576,0.584,0.105,1.9,11.7,6.9,11.0,1.0,1.1,8.6,26.4,1.2,1.9,3.1,0.066,1.5,-1.7,-0.3,1.0,2023,Regular Season,33.028985507246375,13,468,9.3,0.525,0.621,0.11,0.2,11.9,6.0,9.0,0.7,0.7,10.2,22.5,-0.2,0.4,0.2,0.016,-1.3,-1.3,-2.6,-0.1,Playoffs,36.0,-5.399999999999999,-1.1,-0.05,0.05
Kristaps Porziņģis,C,24,DAL,57,1814,20.2,0.551,0.432,0.304,5.9,25.1,15.6,8.8,1.1,5.4,8.0,27.0,2.6,2.6,5.2,0.138,1.8,0.1,1.9,1.8,2020,Regular Season,31.82456140350877,3,94,26.0,0.708,0.425,0.575,3.4,27.1,15.1,3.3,0.0,2.8,5.6,24.3,0.4,0.0,0.4,0.205,6.2,-0.6,5.7,0.2,Playoffs,31.33333333333333,5.800000000000001,-1.6,0.0669999999999999,0.0669999999999999
Kristaps Porziņģis,C,25,DAL,43,1327,21.3,0.582,0.378,0.202,6.9,24.6,15.8,8.4,0.7,4.1,6.4,26.5,2.6,1.7,4.3,0.154,3.0,-0.8,2.2,1.4,2021,Regular Season,30.86046511627907,7,233,14.9,0.572,0.375,0.264,3.3,16.3,9.5,5.8,2.0,2.3,3.6,16.2,0.4,0.1,0.5,0.099,0.6,0.1,0.7,0.2,Playoffs,33.285714285714285,-6.4,-1.2,-0.0549999999999999,0.0549999999999999
Kyle Lowry,PG,32,TOR,65,2213,16.5,0.562,0.613,0.263,2.1,12.9,7.6,34.8,2.0,1.2,18.1,19.6,3.6,3.0,6.6,0.144,1.7,0.6,2.3,2.4,2019,Regular Season,34.04615384615385,24,901,15.4,0.576,0.522,0.291,2.6,11.8,7.2,27.5,1.7,0.8,14.5,18.4,1.6,1.3,2.8,0.15,1.0,1.3,2.3,1.0,Playoffs,37.54166666666666,-1.0999999999999996,-1.4,0.006,0.006
Kyle Lowry,PG,33,TOR,58,2098,17.7,0.59,0.58,0.427,1.6,12.8,7.3,30.6,1.9,1.2,15.7,23.1,4.2,3.3,7.5,0.171,2.2,1.0,3.2,2.8,2020,Regular Season,36.172413793103445,11,413,16.1,0.559,0.486,0.405,2.0,17.1,9.4,23.9,2.2,2.1,13.8,21.6,0.4,0.8,1.3,0.146,0.9,2.6,3.5,0.5,Playoffs,37.54545454545455,-1.599999999999998,-2.3,-0.025,0.025
Kyrie Irving,PG,26,BOS,67,2214,24.3,0.592,0.35,0.197,3.4,12.7,8.1,35.0,2.2,1.4,11.3,29.6,6.2,2.9,9.1,0.197,6.0,1.1,7.2,5.1,2019,Regular Season,33.04477611940298,9,330,15.4,0.488,0.324,0.223,1.6,10.3,6.2,35.8,1.7,1.1,12.5,29.8,-0.1,0.5,0.4,0.06,2.1,0.3,2.5,0.4,Playoffs,36.66666666666666,-8.9,-4.699999999999999,-0.137,0.137
Kyrie Irving,PG,28,BRK,54,1886,24.4,0.614,0.348,0.201,3.2,11.4,7.5,28.6,1.9,1.7,9.9,30.4,5.8,1.6,7.4,0.189,5.7,-0.2,5.5,3.6,2021,Regular Season,34.925925925925924,9,325,20.0,0.582,0.399,0.172,4.3,13.0,8.8,15.8,1.4,1.4,5.9,26.0,0.6,0.5,1.1,0.164,4.1,-0.6,3.5,0.5,Playoffs,36.11111111111112,-4.399999999999999,-3.1,-0.0249999999999999,0.0249999999999999
Kyrie Irving,PG,29,BRK,29,1091,21.4,0.592,0.388,0.209,1.6,10.8,6.3,25.2,1.8,1.4,9.8,29.4,2.4,0.9,3.3,0.147,4.2,-1.2,3.0,1.4,2022,Regular Season,37.62068965517241,4,170,19.2,0.588,0.333,0.333,4.6,11.6,8.1,18.9,2.1,2.8,11.1,21.9,0.4,0.0,0.4,0.115,3.4,-0.7,2.8,0.2,Playoffs,42.5,-2.1999999999999997,-1.2,-0.0319999999999999,0.0319999999999999
LaMarcus Aldridge,C,33,SAS,81,2687,22.9,0.576,0.032,0.312,10.3,19.8,15.1,11.6,0.8,3.4,8.8,26.9,6.4,2.9,9.3,0.167,2.4,-0.6,1.8,2.6,2019,Regular Season,33.17283950617284,7,244,21.8,0.517,0.091,0.273,8.4,21.1,14.8,13.1,1.1,2.3,4.9,27.0,0.5,0.2,0.7,0.13,2.5,-0.2,2.3,0.3,Playoffs,34.857142857142854,-1.099999999999998,-2.3000000000000003,-0.037,0.037
LeBron James,PG,35,LAL,67,2316,25.5,0.577,0.326,0.292,3.2,21.5,12.4,49.1,1.6,1.4,15.1,31.5,6.2,3.6,9.8,0.204,6.6,1.8,8.4,6.1,2020,Regular Season,34.56716417910448,21,762,30.2,0.647,0.312,0.393,4.4,30.5,17.5,42.0,1.7,2.3,15.8,30.4,3.0,1.2,4.3,0.269,7.6,3.1,10.7,2.4,Playoffs,36.285714285714285,4.699999999999999,-3.7,0.065,0.065
LeBron James,PG,36,LAL,45,1504,24.2,0.602,0.346,0.31,2.2,23.6,12.9,41.8,1.6,1.5,15.2,31.9,3.0,2.6,5.6,0.179,5.9,2.3,8.1,3.8,2021,Regular Season,33.422222222222224,6,224,20.1,0.564,0.421,0.202,3.4,19.0,10.8,45.2,2.1,0.9,16.8,29.7,0.1,0.3,0.4,0.092,6.5,2.7,9.2,0.6,Playoffs,37.333333333333336,-4.099999999999998,-3.2,-0.087,0.087
LeBron James,PF,38,LAL,55,1954,23.9,0.583,0.309,0.268,3.7,20.8,12.5,33.5,1.2,1.4,11.6,33.3,3.2,2.4,5.6,0.138,5.5,0.6,6.1,4.0,2023,Regular Season,35.527272727272724,16,619,22.6,0.584,0.359,0.312,4.6,21.6,13.6,27.4,1.3,2.6,10.7,26.6,1.3,0.9,2.2,0.171,5.5,2.0,7.6,1.5,Playoffs,38.6875,-1.2999999999999972,-2.5,0.033,0.033
Luka Dončić,PG,20,DAL,61,2047,27.6,0.585,0.431,0.448,4.1,25.0,14.7,45.7,1.5,0.6,14.8,36.8,6.5,2.3,8.8,0.207,7.4,1.0,8.4,5.4,2020,Regular Season,33.557377049180324,6,215,26.9,0.596,0.344,0.5,2.0,28.3,15.0,42.7,1.5,1.2,16.6,37.5,0.4,0.0,0.5,0.101,6.9,1.0,7.9,0.5,Playoffs,35.833333333333336,-0.7000000000000028,-4.9,-0.1059999999999999,0.1059999999999999
Luka Dončić,PG,21,DAL,66,2262,25.3,0.587,0.406,0.349,2.7,22.9,12.8,44.1,1.4,1.5,15.3,36.0,5.1,2.6,7.7,0.163,6.1,0.7,6.8,5.1,2021,Regular Season,34.27272727272727,7,281,27.5,0.572,0.388,0.26,1.6,22.3,11.4,54.1,1.7,1.2,12.8,40.4,0.6,0.1,0.7,0.127,10.0,1.8,11.8,1.0,Playoffs,40.142857142857146,2.1999999999999997,-4.1,-0.036,0.036
Luka Dončić,PG,22,DAL,65,2301,25.1,0.571,0.406,0.349,2.7,26.0,14.3,46.0,1.6,1.4,15.3,37.4,3.8,3.8,7.6,0.159,6.4,1.8,8.2,5.9,2022,Regular Season,35.4,15,552,28.6,0.577,0.42,0.384,2.1,29.7,15.7,37.3,2.5,1.5,12.5,40.4,1.1,0.8,1.9,0.164,6.8,2.5,9.3,1.6,Playoffs,36.8,3.5,-4.300000000000001,0.005,0.005
Luke Kennard,SG,22,DET,63,1437,11.9,0.56,0.517,0.117,0.9,13.5,7.0,12.3,0.9,0.6,9.4,18.1,1.3,1.3,2.5,0.085,-0.4,-0.6,-1.1,0.3,2019,Regular Season,22.80952380952381,4,133,13.9,0.604,0.319,0.128,0.0,14.0,6.0,8.7,1.1,0.7,5.7,16.6,0.2,-0.1,0.1,0.039,1.3,-0.7,0.6,0.1,Playoffs,33.25,2.0,-0.1999999999999999,-0.046,0.046
Malcolm Brogdon,PG,27,IND,54,1666,17.7,0.541,0.309,0.25,3.1,14.1,8.6,33.8,1.0,0.5,13.7,25.2,2.3,1.7,4.0,0.114,2.3,-0.5,1.8,1.6,2020,Regular Season,30.85185185185185,4,160,18.9,0.556,0.369,0.431,0.0,12.8,6.2,41.8,1.2,0.0,11.5,25.1,0.3,0.0,0.4,0.109,3.5,-0.8,2.6,0.2,Playoffs,40.0,1.1999999999999993,-1.4,-0.005,0.005
Marc Gasol,C,34,TOR,79,2436,16.7,0.546,0.314,0.291,3.6,25.1,14.3,22.2,1.7,3.2,13.6,20.7,2.0,4.0,6.0,0.118,0.8,2.3,3.1,3.1,2019,Regular Season,30.835443037974684,24,735,13.5,0.564,0.494,0.256,2.4,20.6,11.5,14.7,1.4,3.5,9.5,13.6,1.0,1.3,2.3,0.151,0.3,3.1,3.4,1.0,Playoffs,30.625,-3.1999999999999997,-2.1,0.033,0.033
Marcus Morris,PF,31,LAC,57,1502,14.5,0.614,0.507,0.152,2.7,14.5,8.8,5.6,1.1,0.9,8.4,20.1,2.1,1.5,3.6,0.115,0.9,-0.8,0.0,0.8,2021,Regular Season,26.350877192982452,19,604,11.6,0.542,0.48,0.16,2.5,12.8,7.8,6.9,0.9,1.6,3.2,17.0,0.6,0.4,0.9,0.074,-0.4,-0.8,-1.2,0.1,Playoffs,31.789473684210527,-2.9000000000000004,-0.7000000000000001,-0.041,0.041
Marcus Smart,SG,25,BOS,60,1919,13.8,0.518,0.579,0.223,2.4,10.1,6.3,21.1,2.5,1.4,12.1,18.9,1.7,2.8,4.5,0.112,0.0,1.4,1.4,1.6,2020,Regular Season,31.98333333333333,17,648,11.6,0.552,0.621,0.283,1.8,13.2,7.7,18.0,1.6,1.2,16.8,18.4,0.2,1.0,1.2,0.088,-0.8,1.3,0.4,0.4,Playoffs,38.11764705882353,-2.200000000000001,-1.2000000000000002,-0.024,0.024
Marcus Smart,PG,26,BOS,48,1581,13.8,0.539,0.553,0.318,2.5,9.3,5.9,23.6,2.2,1.4,14.2,18.4,1.8,1.5,3.3,0.1,-0.4,0.2,-0.3,0.7,2021,Regular Season,32.9375,5,183,14.8,0.591,0.652,0.318,2.4,12.0,7.0,25.6,1.4,0.5,15.7,20.7,0.3,-0.2,0.1,0.027,1.3,-0.6,0.7,0.1,Playoffs,36.6,1.0,-0.6,-0.073,0.073
Marcus Smart,PG,27,BOS,71,2296,13.6,0.54,0.501,0.249,2.0,10.5,6.4,25.6,2.6,0.7,16.6,18.3,1.9,3.7,5.6,0.116,-1.2,1.7,0.5,1.5,2022,Regular Season,32.33802816901409,21,760,13.1,0.529,0.491,0.222,3.1,10.7,7.0,26.3,1.7,0.6,14.5,21.2,0.5,1.0,1.5,0.094,-0.8,1.1,0.3,0.4,Playoffs,36.19047619047619,-0.5,-1.1,-0.022,0.022
Marcus Smart,PG,28,BOS,61,1957,12.1,0.538,0.568,0.196,2.6,8.0,5.3,26.4,2.3,1.0,17.9,17.8,1.0,2.7,3.7,0.092,-1.8,0.8,-1.0,0.5,2023,Regular Season,32.08196721311475,20,679,15.4,0.592,0.547,0.291,3.6,9.7,6.7,21.3,1.9,0.7,15.2,19.8,1.0,0.6,1.6,0.112,0.0,0.7,0.8,0.5,Playoffs,33.95,3.3000000000000007,0.0,0.02,0.02
Maxi Kleber,PF,28,DAL,74,1890,13.6,0.605,0.621,0.181,6.3,15.1,10.8,6.3,0.6,3.8,9.5,13.9,3.2,1.7,4.8,0.123,0.4,0.0,0.4,1.1,2020,Regular Season,25.54054054054054,6,203,7.1,0.452,0.667,0.308,5.3,15.8,10.5,5.5,0.5,3.0,8.3,10.2,0.0,-0.1,0.0,-0.009,-2.2,-1.1,-3.3,-0.1,Playoffs,33.833333333333336,-6.5,-1.2000000000000002,-0.132,0.132
Michael Porter Jr.,SF,22,DEN,61,1912,20.6,0.663,0.468,0.164,5.4,20.9,13.2,5.6,1.0,2.8,8.1,21.7,4.8,2.1,6.9,0.173,4.0,-0.9,3.1,2.5,2021,Regular Season,31.34426229508197,10,332,14.9,0.603,0.541,0.156,3.8,18.4,10.5,5.9,1.7,0.9,10.0,21.0,0.3,0.1,0.4,0.058,0.6,-1.2,-0.6,0.1,Playoffs,33.2,-5.700000000000001,-2.4,-0.1149999999999999,0.1149999999999999
Michael Porter Jr.,SF,24,DEN,62,1798,16.8,0.621,0.556,0.147,4.2,17.2,10.9,5.3,1.0,1.4,7.3,22.7,2.6,1.8,4.3,0.116,2.0,-1.8,0.2,1.0,2023,Regular Season,29.0,20,654,13.4,0.541,0.56,0.124,3.7,24.4,14.4,6.5,0.8,1.5,3.5,17.6,0.7,0.9,1.6,0.117,0.3,-0.6,-0.3,0.3,Playoffs,32.7,-3.4000000000000004,-0.7,0.001,0.001
Mikal Bridges,SF,24,PHO,72,2348,16.4,0.667,0.471,0.196,3.7,11.1,7.5,8.8,1.6,2.4,7.3,14.9,5.4,2.6,8.0,0.164,2.4,0.9,3.3,3.1,2021,Regular Season,32.611111111111114,22,707,12.9,0.603,0.5,0.147,3.3,11.0,7.4,7.1,1.6,2.0,7.3,14.1,0.8,1.0,1.8,0.125,0.8,0.9,1.7,0.7,Playoffs,32.13636363636363,-3.4999999999999982,-2.4000000000000004,-0.039,0.039
Mikal Bridges,SF,25,PHO,82,2854,14.4,0.627,0.364,0.183,2.9,10.0,6.5,8.7,1.6,1.1,6.8,15.0,5.2,3.7,8.9,0.15,0.5,1.1,1.6,2.6,2022,Regular Season,34.80487804878049,13,500,13.8,0.572,0.239,0.217,2.9,11.3,7.3,10.2,1.4,2.5,6.8,14.9,0.8,0.2,0.9,0.091,0.4,1.0,1.4,0.4,Playoffs,38.46153846153846,-0.5999999999999996,-2.2,-0.059,0.059
Mikal Bridges,SF,26,BRK,83,2963,16.8,0.587,0.349,0.279,2.9,10.8,6.8,13.7,1.5,1.8,8.2,22.6,4.4,3.1,7.5,0.121,1.5,0.2,1.7,2.8,2023,Regular Season,35.69879518072289,4,157,16.3,0.539,0.325,0.299,1.5,13.7,7.7,20.5,0.7,1.2,8.4,29.8,0.0,0.1,0.1,0.027,2.2,-0.8,1.4,0.1,Playoffs,39.25,-0.5,-2.7,-0.094,0.094
Mike Conley,PG,32,UTA,47,1363,14.1,0.537,0.451,0.245,2.8,9.2,6.1,23.1,1.3,0.3,12.8,23.1,1.4,1.1,2.5,0.089,0.7,-0.4,0.3,0.8,2020,Regular Season,29.0,5,165,26.3,0.672,0.531,0.344,2.2,7.7,5.0,25.0,2.5,0.6,6.4,22.3,0.8,0.0,0.9,0.255,6.8,2.4,9.2,0.5,Playoffs,33.0,12.2,-0.3,0.166,0.166
Mike Conley,PG,35,MIN,67,2029,14.7,0.583,0.575,0.277,1.8,7.9,4.9,29.4,1.7,0.6,13.1,16.3,4.1,1.4,5.5,0.13,1.0,-0.1,0.9,1.5,2023,Regular Season,30.28358208955224,5,183,13.3,0.64,0.524,0.262,1.2,7.2,4.1,26.4,0.8,0.0,13.0,13.6,0.4,0.0,0.4,0.097,0.7,-0.1,0.6,0.1,Playoffs,36.6,-1.3999999999999986,-1.4,-0.033,0.033
Monte Morris,PG,26,DEN,75,2239,14.7,0.583,0.406,0.109,1.4,9.6,5.6,21.4,1.2,0.6,8.8,17.4,3.9,1.5,5.4,0.116,0.8,-0.8,0.0,1.1,2022,Regular Season,29.85333333333333,5,156,16.1,0.622,0.51,0.235,0.8,8.2,4.4,26.2,1.9,0.0,12.4,17.9,0.4,-0.1,0.3,0.101,2.2,-0.2,2.0,0.2,Playoffs,31.2,1.400000000000002,-0.9000000000000001,-0.015,0.015
Myles Turner,C,22,IND,74,2119,18.0,0.567,0.251,0.258,5.4,22.0,13.9,8.0,1.4,8.4,10.3,20.0,1.9,4.4,6.3,0.144,0.0,2.4,2.5,2.4,2019,Regular Season,28.635135135135137,4,126,9.7,0.479,0.4,0.371,3.2,20.1,10.8,8.1,0.0,5.3,6.9,15.9,0.0,0.2,0.2,0.065,-3.2,0.9,-2.2,0.0,Playoffs,31.5,-8.3,-2.4,-0.0789999999999999,0.0789999999999999
Myles Turner,C,23,IND,62,1826,14.8,0.566,0.426,0.288,5.2,19.1,12.2,5.4,1.2,6.4,11.4,17.9,1.1,3.1,4.2,0.111,-1.0,1.1,0.1,1.0,2020,Regular Season,29.451612903225808,4,146,18.6,0.617,0.318,0.364,8.6,26.3,17.2,3.5,0.7,11.1,15.0,18.9,0.1,0.2,0.3,0.084,0.4,1.4,1.8,0.1,Playoffs,36.5,3.8000000000000007,-0.9,-0.0269999999999999,0.0269999999999999
Nikola Jokić,C,23,DEN,80,2504,26.3,0.589,0.224,0.292,9.8,27.6,18.7,37.0,2.1,1.9,15.4,27.4,7.5,4.3,11.8,0.226,6.2,2.9,9.1,7.0,2019,Regular Season,31.3,14,557,29.6,0.596,0.215,0.299,10.0,24.5,17.2,37.1,1.5,1.8,10.9,26.5,2.4,0.6,3.0,0.263,8.3,3.3,11.6,1.9,Playoffs,39.785714285714285,3.3000000000000007,-5.1,0.037,0.037
Nikola Jokić,C,24,DEN,73,2336,24.9,0.605,0.238,0.281,8.0,26.1,17.1,35.2,1.8,1.7,15.8,26.6,6.7,3.1,9.8,0.202,5.5,2.0,7.4,5.5,2020,Regular Season,32.0,19,694,24.8,0.614,0.286,0.23,6.4,25.5,16.0,28.6,1.5,2.1,14.1,28.9,1.9,0.6,2.5,0.172,6.1,1.3,7.4,1.7,Playoffs,36.526315789473685,-0.0999999999999978,-3.8,-0.03,0.03
Nikola Jokić,C,25,DEN,72,2488,31.3,0.647,0.183,0.305,9.4,26.1,17.8,40.4,1.9,1.9,13.1,29.6,12.2,3.4,15.6,0.301,9.1,3.0,12.1,8.8,2021,Regular Season,34.55555555555556,10,345,29.6,0.591,0.232,0.241,11.3,28.0,19.0,27.7,0.9,2.5,8.7,34.8,1.2,0.1,1.3,0.181,8.8,0.2,9.0,0.9,Playoffs,34.5,-1.6999999999999993,-7.9,-0.12,0.12
Nikola Jokić,C,26,DEN,74,2476,32.8,0.661,0.22,0.357,9.6,35.5,23.0,42.6,2.2,2.3,15.6,31.9,10.8,4.5,15.2,0.296,9.2,4.5,13.7,9.8,2022,Regular Season,33.45945945945946,5,171,33.1,0.643,0.17,0.311,11.9,36.6,23.9,36.5,2.3,3.1,16.6,36.8,0.6,0.1,0.7,0.202,8.1,2.5,10.7,0.6,Playoffs,34.2,0.3000000000000042,-9.2,-0.0939999999999999,0.0939999999999999
Nikola Jokić,C,27,DEN,69,2323,31.5,0.701,0.146,0.406,8.5,31.3,20.2,46.6,1.8,1.8,17.0,27.2,11.2,3.8,14.9,0.308,8.5,4.5,13.0,8.8,2023,Regular Season,33.666666666666664,20,789,31.2,0.631,0.184,0.336,10.6,28.4,19.8,41.0,1.4,2.2,12.8,31.1,3.7,1.3,5.0,0.305,9.1,3.7,12.8,3.0,Playoffs,39.45,-0.3000000000000007,-5.800000000000001,-0.003,0.003
Nikola Vučević,C,29,ORL,62,1998,21.9,0.549,0.28,0.162,7.3,29.7,18.1,19.5,1.3,2.1,7.4,25.8,3.5,2.9,6.4,0.153,3.7,0.5,4.2,3.1,2020,Regular Season,32.225806451612904,5,185,22.9,0.604,0.396,0.099,4.8,26.9,15.3,22.9,1.0,1.7,10.1,29.7,0.3,0.2,0.5,0.126,6.2,1.1,7.3,0.4,Playoffs,37.0,1.0,-2.7,-0.0269999999999999,0.0269999999999999
Nikola Vučević,C,31,CHI,73,2418,18.2,0.533,0.287,0.105,6.6,30.7,18.7,15.2,1.4,2.5,10.1,24.5,1.4,3.2,4.5,0.09,0.8,0.1,0.9,1.8,2022,Regular Season,33.12328767123287,5,181,17.6,0.52,0.462,0.055,7.2,28.9,17.2,16.5,0.5,3.2,7.9,24.5,0.0,0.3,0.3,0.075,3.0,1.0,4.0,0.3,Playoffs,36.2,-0.5999999999999979,-1.5,-0.015,0.015
Norman Powell,SG,27,POR,69,2205,16.2,0.618,0.453,0.295,2.0,8.8,5.3,9.2,1.8,0.8,10.3,22.6,3.4,1.3,4.7,0.103,1.1,-0.7,0.4,1.3,2021,Regular Season,31.956521739130437,6,216,14.3,0.608,0.342,0.237,1.6,5.2,3.5,8.3,1.2,2.6,7.7,19.0,0.3,0.0,0.3,0.064,0.4,-0.7,-0.3,0.1,Playoffs,36.0,-1.8999999999999984,-1.2,-0.0389999999999999,0.0389999999999999
Norman Powell,SG,29,LAC,60,1567,17.1,0.612,0.404,0.39,1.7,10.7,6.3,11.0,1.6,1.0,10.8,26.0,2.1,1.4,3.5,0.107,0.9,-0.7,0.3,0.9,2023,Regular Season,26.116666666666667,5,167,17.6,0.608,0.421,0.408,2.6,8.1,5.2,10.4,1.2,0.9,8.2,24.6,0.4,-0.1,0.3,0.093,2.0,-0.8,1.2,0.1,Playoffs,33.4,0.5,-0.8,-0.0139999999999999,0.0139999999999999
OG Anunoby,SF,22,TOR,69,2066,13.2,0.6,0.403,0.18,4.2,14.2,9.3,7.5,2.2,2.1,11.5,14.3,2.1,3.7,5.7,0.134,-0.8,2.0,1.2,1.7,2020,Regular Season,29.94202898550725,11,393,11.5,0.573,0.466,0.318,7.0,14.0,10.4,4.7,1.4,3.5,13.8,13.1,0.2,0.7,0.9,0.116,-0.6,1.5,0.9,0.3,Playoffs,35.72727272727273,-1.6999999999999993,-1.4,-0.018,0.018
OG Anunoby,SF,24,TOR,48,1728,14.8,0.549,0.455,0.169,4.4,12.6,8.3,11.0,2.1,1.4,9.7,20.5,1.8,1.9,3.7,0.104,0.4,0.1,0.5,1.1,2022,Regular Season,36.0,6,217,15.2,0.584,0.5,0.195,3.6,10.7,6.8,11.4,1.5,0.5,10.1,21.2,0.3,-0.1,0.2,0.051,1.2,-0.4,0.8,0.1,Playoffs,36.16666666666666,0.3999999999999986,-1.0,-0.053,0.053
P.J. Tucker,PF,33,HOU,82,2802,9.2,0.547,0.74,0.113,4.7,14.4,9.5,4.6,2.3,1.2,10.3,9.5,2.0,3.0,5.0,0.086,-1.6,1.0,-0.6,1.0,2019,Regular Season,34.170731707317074,11,426,14.2,0.637,0.648,0.261,5.2,16.2,10.8,6.6,2.2,1.7,7.5,10.9,0.9,0.6,1.5,0.167,1.8,2.7,4.5,0.7,Playoffs,38.72727272727273,5.0,-0.3,0.081,0.081
P.J. Tucker,PF,34,HOU,72,2467,8.3,0.559,0.702,0.113,4.7,15.6,10.1,6.0,1.4,1.2,13.9,8.7,1.6,2.4,4.0,0.078,-2.4,0.6,-1.9,0.1,2020,Regular Season,34.263888888888886,12,414,8.6,0.54,0.761,0.0,5.9,17.9,11.6,6.3,1.5,0.7,12.0,10.8,0.2,0.6,0.7,0.086,-1.8,0.7,-1.2,0.1,Playoffs,34.5,0.2999999999999989,0.0,0.0079999999999999,0.0079999999999999
Pascal Siakam,PF,24,TOR,80,2548,18.7,0.628,0.226,0.32,5.4,17.5,11.6,14.6,1.4,1.7,12.5,20.8,5.7,3.6,9.3,0.175,1.6,0.8,2.4,2.8,2019,Regular Season,31.85,24,891,17.2,0.54,0.272,0.227,5.0,16.2,10.6,12.9,1.4,1.9,7.3,23.1,1.1,1.4,2.4,0.132,1.8,0.8,2.6,1.0,Playoffs,37.125,-1.5,-1.7999999999999998,-0.0429999999999999,0.0429999999999999
Pascal Siakam,PF,25,TOR,60,2110,17.9,0.554,0.331,0.274,3.3,18.3,11.0,16.4,1.4,2.5,10.7,28.1,1.8,3.6,5.4,0.123,1.3,0.5,1.8,2.0,2020,Regular Season,35.166666666666664,11,418,11.0,0.462,0.291,0.253,3.5,18.2,10.7,16.0,1.4,1.0,9.8,23.7,-0.4,0.7,0.4,0.04,-2.1,0.1,-2.0,0.0,Playoffs,38.0,-6.899999999999999,-2.0,-0.0829999999999999,0.0829999999999999
Pascal Siakam,PF,27,TOR,68,2578,20.3,0.565,0.181,0.314,5.1,20.1,12.2,23.0,1.6,1.6,11.6,25.8,4.9,3.2,8.1,0.151,2.7,0.8,3.5,3.6,2022,Regular Season,37.91176470588236,6,260,19.7,0.558,0.159,0.336,3.5,18.3,10.2,22.9,1.4,2.5,9.6,24.2,0.5,0.0,0.5,0.098,2.3,0.7,3.0,0.3,Playoffs,43.333333333333336,-0.6000000000000014,-3.3000000000000003,-0.0529999999999999,0.0529999999999999
Patrick Beverley,PG,30,LAC,78,2137,11.8,0.561,0.591,0.258,3.9,15.0,9.6,18.4,1.5,1.6,13.8,12.2,2.8,2.0,4.8,0.108,-0.3,1.2,0.9,1.5,2019,Regular Season,27.397435897435894,6,195,13.7,0.584,0.638,0.17,4.3,24.3,13.7,19.7,1.4,2.6,16.5,12.7,0.2,0.0,0.2,0.058,0.9,1.4,2.3,0.2,Playoffs,32.5,1.8999999999999984,-1.3,-0.0499999999999999,0.0499999999999999
Patrick Beverley,PG,33,MIN,58,1476,14.8,0.539,0.555,0.305,4.4,13.2,8.7,24.5,2.2,3.4,12.9,16.1,2.3,1.7,4.1,0.132,0.6,2.1,2.7,1.7,2022,Regular Season,25.448275862068964,6,194,11.5,0.562,0.531,0.449,2.4,8.2,5.4,23.0,1.7,3.1,17.0,15.6,0.2,0.2,0.3,0.076,-0.5,1.5,1.0,0.1,Playoffs,32.333333333333336,-3.3000000000000007,-1.6,-0.056,0.056
Patrick Williams,PF,20,CHI,17,422,12.7,0.637,0.284,0.402,4.6,13.8,9.2,4.8,1.0,1.8,11.8,14.2,0.6,0.3,0.9,0.099,-0.9,-0.7,-1.5,0.0,2022,Regular Season,24.823529411764707,5,153,11.3,0.569,0.447,0.234,3.6,15.0,8.8,4.3,1.6,1.9,11.9,16.9,0.0,0.2,0.2,0.061,-2.3,0.7,-1.6,0.0,Playoffs,30.6,-1.3999999999999986,0.0,-0.038,0.038
Paul George,SF,28,OKC,77,2841,23.3,0.583,0.469,0.335,3.7,19.6,11.4,17.7,2.8,1.0,10.0,29.5,7.0,4.9,11.9,0.201,5.6,1.6,7.2,6.6,2019,Regular Season,36.896103896103895,5,204,18.8,0.583,0.465,0.485,3.1,20.0,11.4,15.4,1.6,0.4,14.0,29.8,0.3,0.2,0.5,0.106,2.6,0.6,3.2,0.3,Playoffs,40.8,-4.5,-6.3,-0.095,0.095
Paul George,SF,29,LAC,48,1419,21.1,0.589,0.487,0.277,1.8,17.7,10.0,21.1,2.3,1.2,12.5,29.6,2.5,2.3,4.8,0.161,3.8,1.1,4.9,2.5,2020,Regular Season,29.5625,13,479,14.7,0.536,0.502,0.249,3.2,15.3,9.2,15.5,1.9,1.4,14.0,26.1,0.1,0.5,0.6,0.063,0.4,0.0,0.4,0.3,Playoffs,36.84615384615385,-6.400000000000002,-2.2,-0.098,0.098
Paul George,SF,30,LAC,54,1821,20.5,0.598,0.437,0.239,2.9,18.9,11.1,24.6,1.7,1.2,14.5,30.0,3.0,2.3,5.3,0.139,3.9,0.3,4.2,2.9,2021,Regular Season,33.72222222222222,19,776,20.0,0.578,0.406,0.412,2.6,24.4,13.6,21.8,1.3,1.3,13.2,30.5,1.1,0.8,1.9,0.116,2.5,0.0,2.5,0.9,Playoffs,40.8421052631579,-0.5,-2.0,-0.023,0.023
Paul Millsap,PF,33,DEN,70,1895,17.9,0.57,0.239,0.374,8.7,20.2,14.4,10.6,2.2,2.5,10.9,19.6,3.2,2.9,6.1,0.155,0.7,1.0,1.7,1.8,2019,Regular Season,27.071428571428573,14,469,14.9,0.558,0.242,0.389,5.3,15.9,10.5,3.6,1.3,2.5,8.9,19.1,0.6,0.4,1.0,0.098,-1.4,-0.1,-1.5,0.0,Playoffs,33.5,-2.9999999999999982,-1.8,-0.0569999999999999,0.0569999999999999
RJ Barrett,SG,20,NYK,72,2511,13.4,0.535,0.292,0.26,3.0,14.8,8.9,13.8,1.1,0.8,10.5,23.4,0.9,3.1,4.1,0.078,-0.9,-0.3,-1.2,0.5,2021,Regular Season,34.875,5,162,14.2,0.489,0.418,0.224,2.5,22.3,11.8,16.6,1.3,1.2,2.6,20.7,0.1,0.3,0.3,0.104,0.5,2.6,3.2,0.2,Playoffs,32.4,0.7999999999999989,-0.3,0.0259999999999999,0.0259999999999999
RJ Barrett,SG,22,NYK,73,2475,12.9,0.531,0.332,0.333,2.7,13.7,8.2,12.4,0.6,0.6,10.8,26.2,0.5,1.8,2.2,0.043,-1.2,-1.9,-3.1,-0.7,2023,Regular Season,33.9041095890411,11,377,14.6,0.55,0.372,0.396,1.5,13.3,7.4,15.0,1.2,0.5,11.5,25.7,0.3,0.5,0.8,0.105,0.9,0.4,1.3,0.3,Playoffs,34.27272727272727,1.6999999999999993,1.0,0.062,0.062
Reggie Bullock,SF,29,NYK,65,1949,11.1,0.606,0.709,0.098,0.9,11.4,6.2,7.4,1.3,0.5,7.1,14.4,2.3,2.3,4.6,0.114,-0.9,0.8,-0.1,0.9,2021,Regular Season,29.984615384615385,5,162,7.5,0.534,0.744,0.128,3.1,8.3,5.6,5.9,0.9,0.6,8.8,12.4,0.0,0.2,0.2,0.061,-2.4,1.1,-1.2,0.0,Playoffs,32.4,-3.6,-0.9,-0.053,0.053
Reggie Bullock,SF,30,DAL,68,1902,9.2,0.558,0.782,0.096,1.9,12.2,7.0,6.1,1.1,0.7,7.1,13.3,1.2,2.0,3.2,0.08,-1.5,0.0,-1.4,0.3,2022,Regular Season,27.97058823529412,18,707,10.1,0.598,0.868,0.119,1.3,12.5,6.8,6.3,1.6,0.1,4.8,11.2,0.8,0.4,1.2,0.081,-0.5,0.9,0.4,0.4,Playoffs,39.27777777777778,0.9000000000000004,0.1,0.001,0.001
Reggie Jackson,SG,30,LAC,67,1544,14.2,0.576,0.482,0.14,1.8,11.9,7.0,19.0,1.3,0.4,10.6,19.9,2.3,1.4,3.7,0.115,0.6,-0.2,0.4,0.9,2021,Regular Season,23.044776119402982,19,622,17.3,0.626,0.563,0.163,1.3,9.7,5.6,16.9,1.5,0.5,9.4,22.3,1.3,0.4,1.7,0.129,2.6,0.3,2.9,0.8,Playoffs,32.73684210526316,3.1000000000000014,-0.0999999999999999,0.0139999999999999,0.0139999999999999
Ricky Rubio,PG,28,UTA,68,1899,14.0,0.52,0.348,0.312,1.9,11.8,6.9,32.1,2.3,0.4,17.8,22.7,0.9,2.8,3.7,0.095,-1.0,0.8,-0.2,0.9,2019,Regular Season,27.926470588235293,5,168,17.3,0.515,0.303,0.303,1.8,8.4,5.0,46.2,3.5,0.7,16.7,22.7,0.1,0.2,0.3,0.094,1.3,3.6,4.8,0.3,Playoffs,33.6,3.3000000000000007,-0.6000000000000001,-0.001,0.001
Robert Covington,PF,29,HOU,70,2137,13.3,0.559,0.664,0.172,3.0,20.2,11.4,5.9,2.5,3.7,11.7,17.0,0.7,3.0,3.7,0.083,-1.2,1.3,0.0,1.1,2020,Regular Season,30.52857142857143,12,379,15.8,0.683,0.716,0.074,2.2,16.1,8.8,6.5,3.9,3.4,10.9,13.0,0.5,0.8,1.3,0.169,1.2,3.8,5.0,0.7,Playoffs,31.58333333333333,2.5,-0.4000000000000001,0.086,0.086
Robert Covington,PF,30,POR,70,2243,11.2,0.553,0.699,0.122,2.8,19.8,11.1,6.8,2.2,3.4,10.7,11.5,1.4,2.4,3.7,0.08,-1.3,1.5,0.2,1.2,2021,Regular Season,32.042857142857144,6,228,11.5,0.693,0.611,0.278,4.7,18.8,11.9,4.0,2.0,2.4,16.5,9.6,0.3,0.1,0.4,0.078,0.0,1.3,1.3,0.2,Playoffs,38.0,0.3000000000000007,-1.0,-0.002,0.002
Royce O'Neale,SF,26,UTA,71,2049,9.5,0.578,0.668,0.151,1.5,18.8,10.4,11.6,1.4,1.3,13.5,9.6,1.8,2.5,4.3,0.101,-1.3,2.2,0.9,1.5,2020,Regular Season,28.859154929577464,7,249,6.2,0.563,0.688,0.188,1.4,16.1,8.9,10.0,1.9,0.8,27.3,9.0,0.0,0.1,0.0,0.009,-3.3,1.6,-1.7,0.0,Playoffs,35.57142857142857,-3.3,-1.5,-0.092,0.092
Royce O'Neale,SF,27,UTA,71,2241,9.9,0.599,0.706,0.117,4.4,18.0,11.5,10.4,1.2,1.2,16.7,9.6,2.3,3.3,5.6,0.121,-1.2,2.1,1.0,1.7,2021,Regular Season,31.56338028169014,11,404,13.1,0.687,0.706,0.141,4.8,17.7,11.5,7.9,1.5,0.7,8.1,10.8,0.9,0.1,1.0,0.12,1.4,1.6,3.1,0.5,Playoffs,36.72727272727273,3.1999999999999997,-1.2,-0.001,0.001
Royce O'Neale,SF,28,UTA,77,2406,10.3,0.608,0.689,0.126,3.0,13.4,8.4,10.5,1.8,1.2,14.4,9.9,2.7,2.8,5.5,0.109,-0.8,1.7,0.8,1.7,2022,Regular Season,31.246753246753247,6,188,8.0,0.516,0.714,0.057,3.7,17.2,10.5,7.3,0.8,0.7,7.7,9.7,0.1,0.1,0.2,0.049,-0.9,1.0,0.1,0.1,Playoffs,31.33333333333333,-2.3000000000000007,-1.6,-0.06,0.06
Rudy Gobert,C,26,UTA,81,2577,24.6,0.682,0.0,0.733,13.2,30.2,21.9,9.6,1.2,5.8,12.1,17.8,8.7,5.7,14.4,0.268,3.0,2.5,5.4,4.8,2019,Regular Season,31.814814814814813,5,152,20.5,0.665,0.0,0.719,15.3,20.1,17.6,7.7,1.0,9.8,17.6,14.3,0.4,0.2,0.6,0.185,0.8,2.2,3.0,0.2,Playoffs,30.4,-4.100000000000001,-4.6,-0.083,0.083
Rudy Gobert,C,27,UTA,68,2333,21.7,0.699,0.0,0.724,11.2,31.3,21.6,6.5,1.1,4.8,15.0,16.2,6.5,4.2,10.7,0.221,1.7,1.9,3.6,3.3,2020,Regular Season,34.30882352941177,7,270,20.4,0.638,0.0,0.568,10.6,23.8,17.4,4.6,0.8,3.6,8.9,17.6,0.7,0.1,0.9,0.156,0.6,-0.5,0.1,0.1,Playoffs,38.57142857142857,-1.3000000000000007,-3.2,-0.065,0.065
Rudy Gobert,C,28,UTA,71,2187,23.5,0.683,0.007,0.646,12.2,33.5,23.3,6.0,0.9,7.0,13.7,17.0,6.1,5.2,11.3,0.248,2.1,2.8,4.9,3.8,2021,Regular Season,30.80281690140845,11,376,21.4,0.736,0.012,0.815,13.9,27.3,20.9,3.6,0.8,5.5,13.4,15.0,1.2,0.3,1.5,0.192,1.6,1.0,2.6,0.4,Playoffs,34.18181818181818,-2.1000000000000014,-3.4,-0.0559999999999999,0.0559999999999999
Rudy Gobert,C,29,UTA,66,2120,24.7,0.732,0.008,0.864,12.9,36.3,25.0,5.1,1.0,5.7,14.5,16.9,7.3,4.3,11.7,0.264,2.9,1.7,4.6,3.6,2022,Regular Season,32.121212121212125,6,197,19.4,0.688,0.0,1.333,12.5,34.1,23.3,2.4,0.3,3.8,13.3,14.3,0.6,0.2,0.7,0.182,2.2,0.1,2.3,0.2,Playoffs,32.833333333333336,-5.300000000000001,-3.4,-0.082,0.082
Rudy Gobert,C,30,MIN,70,2148,18.9,0.675,0.005,0.623,12.2,29.8,21.2,5.6,1.2,3.9,14.9,16.3,4.3,3.5,7.8,0.174,0.0,0.7,0.7,1.4,2023,Regular Season,30.685714285714287,5,177,18.2,0.648,0.0,0.587,11.6,29.0,20.1,9.3,0.6,2.5,12.1,17.2,0.4,0.1,0.5,0.145,-0.3,0.7,0.3,0.1,Playoffs,35.4,-0.6999999999999993,-1.2999999999999998,-0.0289999999999999,0.0289999999999999
Rui Hachimura,PF,22,WAS,57,1797,11.4,0.549,0.211,0.248,2.9,15.5,9.2,6.3,1.1,0.3,8.6,18.1,0.7,1.4,2.1,0.056,-2.2,-1.0,-3.1,-0.5,2021,Regular Season,31.526315789473685,5,173,13.7,0.708,0.319,0.255,3.0,20.3,11.3,4.3,0.5,0.5,8.7,13.8,0.3,0.0,0.3,0.095,1.0,-0.2,0.8,0.1,Playoffs,34.6,2.299999999999999,0.6,0.039,0.039
Russell Westbrook,PG,30,OKC,73,2630,21.1,0.501,0.279,0.306,4.1,28.3,15.8,46.5,2.5,1.1,16.3,30.9,1.8,5.0,6.8,0.124,2.8,2.4,5.2,4.7,2019,Regular Season,36.02739726027397,5,197,16.0,0.466,0.306,0.234,3.8,20.7,12.1,46.0,1.2,1.3,15.8,31.5,-0.1,0.2,0.1,0.026,1.5,0.4,1.9,0.2,Playoffs,39.4,-5.100000000000001,-4.5,-0.098,0.098
Russell Westbrook,PG,31,HOU,57,2049,21.0,0.536,0.166,0.297,5.1,18.1,11.5,35.6,2.1,0.8,15.0,34.4,1.7,2.5,4.2,0.098,1.6,-0.1,1.5,1.8,2020,Regular Season,35.94736842105263,8,262,12.1,0.464,0.236,0.229,4.5,20.2,11.9,25.8,2.2,0.8,16.3,31.5,-0.7,0.4,-0.2,-0.043,-1.9,-1.2,-3.2,-0.1,Playoffs,32.75,-8.9,-1.9,-0.141,0.141
Russell Westbrook,PG,32,WAS,65,2369,19.5,0.509,0.221,0.334,4.9,28.6,16.8,48.6,1.7,0.8,18.0,30.2,0.5,3.2,3.7,0.075,2.6,1.1,3.7,3.4,2021,Regular Season,36.44615384615385,5,186,15.7,0.462,0.238,0.512,7.9,23.1,15.2,45.6,0.5,0.4,16.9,27.9,-0.1,0.0,0.0,-0.006,2.9,-1.2,1.7,0.2,Playoffs,37.2,-3.8000000000000007,-3.2,-0.081,0.081
Russell Westbrook,PG,34,LAC,73,2126,16.1,0.513,0.289,0.317,4.7,16.5,10.8,38.6,1.7,1.3,18.4,27.7,-0.6,2.6,1.9,0.044,0.3,-0.1,0.2,1.2,2023,Regular Season,29.12328767123288,5,192,17.6,0.509,0.267,0.238,5.1,18.7,11.5,30.8,1.5,2.8,14.7,29.8,0.1,0.0,0.1,0.021,2.2,-0.1,2.1,0.2,Playoffs,38.4,1.5,-1.0,-0.0229999999999999,0.0229999999999999
Scottie Barnes,PF,20,TOR,74,2617,16.3,0.552,0.207,0.231,7.7,15.8,11.5,14.7,1.5,2.1,11.7,19.0,3.7,2.9,6.6,0.122,0.5,0.4,0.9,1.9,2022,Regular Season,35.36486486486486,4,133,16.8,0.52,0.286,0.381,5.9,29.7,16.7,19.7,1.6,0.8,9.3,18.9,0.2,0.0,0.2,0.082,0.7,1.0,1.7,0.1,Playoffs,33.25,0.5,-1.7999999999999998,-0.0399999999999999,0.0399999999999999
Seth Curry,SG,30,PHI,57,1638,12.9,0.607,0.507,0.139,0.7,8.3,4.6,13.6,1.3,0.4,10.0,17.1,2.3,1.7,4.0,0.118,0.1,-0.4,-0.3,0.7,2021,Regular Season,28.73684210526316,12,381,18.8,0.727,0.551,0.129,1.2,6.7,4.0,11.1,1.1,0.6,6.0,18.7,1.2,0.4,1.6,0.206,3.9,1.4,5.3,0.7,Playoffs,31.75,5.9,0.0,0.088,0.088
Seth Curry,SG,31,BRK,64,2135,13.7,0.615,0.506,0.127,1.1,9.1,5.2,16.3,1.2,0.6,12.3,18.5,2.7,1.5,4.2,0.095,0.3,-0.9,-0.6,0.8,2022,Regular Season,33.359375,4,132,16.4,0.719,0.59,0.077,2.0,8.0,4.9,14.0,0.4,2.2,6.9,15.1,0.4,-0.1,0.3,0.12,4.0,-1.0,3.0,0.2,Playoffs,33.0,2.6999999999999997,-0.6000000000000001,0.0249999999999999,0.0249999999999999
Shai Gilgeous-Alexander,SG,21,OKC,70,2428,17.7,0.568,0.247,0.352,2.2,16.1,9.4,15.2,1.6,1.7,10.3,23.7,3.1,3.0,6.1,0.121,1.3,0.4,1.7,2.2,2020,Regular Season,34.68571428571428,7,279,13.1,0.569,0.389,0.256,1.2,12.3,6.9,16.9,1.2,1.3,13.0,17.8,0.3,0.3,0.6,0.1,0.6,1.2,1.8,0.3,Playoffs,39.85714285714285,-4.6,-1.9,-0.0209999999999999,0.0209999999999999
Shake Milton,SG,23,PHI,40,805,14.4,0.617,0.487,0.235,2.1,10.0,6.0,18.8,1.2,0.7,13.3,18.9,1.4,0.7,2.1,0.126,0.0,-1.0,-1.0,0.2,2020,Regular Season,20.125,4,126,13.3,0.616,0.568,0.159,0.8,10.5,5.5,16.6,0.8,0.0,11.3,18.4,0.2,0.0,0.2,0.071,1.4,-0.2,1.3,0.1,Playoffs,31.5,-1.0999999999999996,-0.1,-0.055,0.055
Spencer Dinwiddie,SG,29,BRK,79,2725,16.0,0.573,0.467,0.314,1.2,10.2,5.7,28.1,1.2,0.8,10.8,22.1,4.5,1.8,6.3,0.111,1.6,-0.9,0.7,1.8,2023,Regular Season,34.49367088607595,4,159,12.8,0.544,0.353,0.431,0.7,8.5,4.7,28.7,1.7,0.6,16.5,22.5,0.0,0.1,0.1,0.018,-0.8,-0.5,-1.3,0.0,Playoffs,39.75,-3.1999999999999997,-1.8,-0.093,0.093
Stephen Curry,PG,30,GSW,69,2331,24.4,0.641,0.604,0.214,2.2,14.2,8.4,24.2,1.9,0.9,11.6,30.4,7.2,2.5,9.7,0.199,7.1,-0.5,6.6,5.1,2019,Regular Season,33.78260869565217,22,846,22.6,0.62,0.566,0.364,2.4,15.2,9.0,23.9,1.4,0.5,11.7,29.0,2.8,0.4,3.3,0.185,5.6,-0.5,5.2,1.5,Playoffs,38.45454545454545,-1.7999999999999972,-3.6,-0.014,0.014
Stephen Curry,PG,33,GSW,64,2211,21.4,0.601,0.613,0.243,1.7,14.4,8.3,30.4,1.9,1.0,13.2,30.8,4.6,3.4,8.0,0.173,5.4,0.4,5.8,4.4,2022,Regular Season,34.546875,22,764,24.4,0.606,0.52,0.293,1.7,14.9,8.4,28.3,1.9,1.1,10.3,31.8,2.4,0.9,3.2,0.203,6.7,1.1,7.7,1.9,Playoffs,34.72727272727273,3.0,-2.5000000000000004,0.03,0.03
Stephen Curry,PG,34,GSW,56,1941,24.1,0.656,0.564,0.248,2.3,16.8,9.7,30.0,1.3,0.9,12.5,31.0,5.8,2.0,7.8,0.192,7.5,0.1,7.5,4.7,2023,Regular Season,34.660714285714285,13,493,20.4,0.588,0.505,0.186,1.9,12.3,7.0,27.7,1.3,1.0,11.1,31.6,0.9,0.5,1.3,0.131,6.1,0.4,6.5,1.1,Playoffs,37.92307692307692,-3.700000000000003,-3.6,-0.061,0.061
Steven Adams,C,25,OKC,80,2669,18.5,0.591,0.002,0.361,14.7,14.8,14.7,6.6,2.0,2.4,12.6,16.4,5.1,4.0,9.1,0.163,0.7,0.4,1.1,2.1,2019,Regular Season,33.3625,5,159,15.7,0.648,0.024,0.19,8.1,16.6,12.3,7.2,1.5,2.6,16.5,14.6,0.2,0.1,0.3,0.103,-0.1,1.9,1.8,0.2,Playoffs,31.8,-2.8000000000000007,-1.9,-0.06,0.06
T.J. Warren,SF,26,IND,67,2202,18.4,0.61,0.227,0.205,3.4,10.5,7.0,7.1,1.7,1.4,7.2,23.3,4.0,2.6,6.5,0.143,1.2,0.0,1.1,1.7,2020,Regular Season,32.865671641791046,4,156,15.1,0.556,0.279,0.132,3.7,15.4,9.4,13.9,2.9,0.6,13.3,24.4,0.0,0.1,0.1,0.025,-0.4,0.0,-0.4,0.1,Playoffs,39.0,-3.299999999999999,-1.6,-0.118,0.118
Thaddeus Young,PF,30,IND,81,2489,16.2,0.569,0.174,0.161,8.7,14.4,11.7,12.0,2.4,1.3,12.0,18.0,3.0,3.9,6.9,0.133,0.4,1.1,1.5,2.2,2019,Regular Season,30.7283950617284,4,130,16.4,0.466,0.19,0.167,6.9,17.6,11.7,20.6,4.3,2.2,10.0,17.7,0.0,0.3,0.3,0.117,0.1,4.2,4.3,0.2,Playoffs,32.5,0.1999999999999993,-2.0,-0.016,0.016
Tim Hardaway Jr.,SG,27,DAL,71,2091,14.5,0.581,0.58,0.206,1.3,10.2,5.8,9.7,0.9,0.2,6.7,21.1,3.4,1.1,4.4,0.102,1.2,-1.4,-0.1,1.0,2020,Regular Season,29.450704225352112,6,204,12.5,0.536,0.568,0.116,1.6,9.8,5.6,8.1,0.5,0.0,2.9,21.7,0.2,-0.1,0.0,0.007,0.8,-2.7,-1.8,0.0,Playoffs,34.0,-2.0,-1.0,-0.0949999999999999,0.0949999999999999
Tim Hardaway Jr.,SG,28,DAL,70,1985,15.7,0.589,0.581,0.191,1.1,11.5,6.4,9.8,0.8,0.5,6.1,23.4,3.2,1.2,4.3,0.105,2.0,-1.7,0.4,1.2,2021,Regular Season,28.357142857142858,7,262,11.1,0.551,0.564,0.158,2.1,8.4,5.1,5.8,0.6,0.0,5.3,19.7,0.2,-0.1,0.2,0.028,0.3,-2.3,-1.9,0.0,Playoffs,37.42857142857143,-4.6,-1.2,-0.077,0.077
Timothé Luwawu-Cabarrot,SF,24,BRK,47,853,11.0,0.599,0.595,0.301,3.6,11.6,7.7,4.9,1.0,0.7,10.8,16.8,0.9,0.7,1.7,0.095,-1.8,-0.5,-2.2,-0.1,2020,Regular Season,18.148936170212767,4,131,6.5,0.498,0.661,0.203,0.7,11.6,5.8,7.6,1.1,0.0,11.1,22.7,-0.2,-0.1,-0.3,-0.093,-2.4,-2.2,-4.6,-0.1,Playoffs,32.75,-4.5,0.0,-0.188,0.188
Tobias Harris,PF,26,PHI,82,2847,17.2,0.592,0.313,0.245,2.6,20.8,12.0,12.5,0.8,1.0,9.8,22.8,4.5,2.6,7.1,0.12,2.1,-0.5,1.6,2.6,2019,Regular Season,34.71951219512195,12,443,14.5,0.521,0.377,0.156,3.1,22.5,13.3,16.4,1.4,1.2,9.6,18.8,0.4,0.7,1.1,0.118,1.2,1.3,2.5,0.5,Playoffs,36.91666666666666,-2.6999999999999997,-2.1,-0.002,0.002
Tobias Harris,PF,27,PHI,72,2469,17.2,0.556,0.304,0.184,3.1,19.1,11.1,14.6,1.0,1.4,7.6,23.9,3.5,2.7,6.2,0.121,1.3,-0.5,0.8,1.8,2020,Regular Season,34.291666666666664,4,149,14.7,0.461,0.25,0.317,9.9,17.8,13.7,19.9,0.7,0.6,6.8,21.5,0.1,0.0,0.1,0.043,1.5,-1.0,0.5,0.1,Playoffs,37.25,-2.5,-1.7,-0.078,0.078
Tobias Harris,PF,28,PHI,62,2014,20.0,0.597,0.225,0.221,3.5,19.2,11.4,17.6,1.3,2.3,9.5,23.9,4.1,3.1,7.1,0.17,2.9,0.8,3.7,2.9,2021,Regular Season,32.483870967741936,12,438,17.8,0.561,0.2,0.186,2.6,22.3,12.8,14.9,1.3,0.9,7.2,24.6,0.5,0.7,1.2,0.135,1.6,0.7,2.3,0.5,Playoffs,36.5,-2.1999999999999997,-2.4,-0.035,0.035
Tobias Harris,PF,29,PHI,73,2543,15.9,0.566,0.269,0.198,3.4,18.1,10.9,15.9,0.9,1.5,9.5,21.7,3.0,2.6,5.6,0.105,0.6,-0.6,0.0,1.3,2022,Regular Season,34.83561643835616,12,466,16.2,0.591,0.352,0.136,2.8,20.4,12.0,13.0,1.5,2.0,9.5,19.1,0.7,0.5,1.2,0.122,1.6,1.4,3.0,0.6,Playoffs,38.833333333333336,0.2999999999999989,-0.7000000000000001,0.017,0.017
Tobias Harris,SF,30,PHI,74,2436,14.8,0.602,0.383,0.153,3.3,17.0,10.3,11.4,1.4,1.5,9.0,18.2,3.1,2.8,5.9,0.116,0.6,0.1,0.7,1.7,2023,Regular Season,32.91891891891892,11,392,16.1,0.597,0.306,0.112,4.9,19.2,11.9,7.9,0.9,1.7,5.4,17.5,0.7,0.4,1.1,0.131,1.0,0.3,1.4,0.3,Playoffs,35.63636363636363,1.3000000000000007,-1.4,0.015,0.015
Trae Young,PG,22,ATL,63,2125,23.0,0.589,0.357,0.491,2.0,10.5,6.3,45.5,1.2,0.5,16.2,33.0,5.9,1.3,7.2,0.163,5.3,-1.7,3.7,3.0,2021,Regular Season,33.73015873015873,16,603,21.2,0.551,0.401,0.373,1.3,6.8,4.1,44.8,1.6,0.0,13.3,35.4,0.8,0.6,1.4,0.114,6.8,-0.5,6.3,1.3,Playoffs,37.6875,-1.8000000000000007,-1.7,-0.049,0.049
Trae Young,PG,23,ATL,76,2652,25.4,0.603,0.395,0.358,2.1,9.6,5.9,46.7,1.3,0.2,14.5,34.4,9.0,1.0,10.0,0.181,7.1,-2.0,5.2,4.8,2022,Regular Season,34.89473684210526,5,186,5.3,0.461,0.551,0.478,3.2,13.2,8.1,27.0,0.8,0.0,27.1,28.3,-0.6,0.1,-0.5,-0.139,-4.0,-4.1,-8.1,-0.3,Playoffs,37.2,-20.1,-5.1,-0.32,0.32
Trae Young,PG,24,ATL,73,2541,22.0,0.573,0.331,0.46,2.4,7.0,4.7,42.5,1.5,0.3,15.2,32.6,5.3,1.4,6.7,0.126,5.3,-2.0,3.3,3.4,2023,Regular Season,34.80821917808219,6,230,21.1,0.521,0.362,0.289,2.2,8.8,5.2,40.4,2.1,1.6,12.5,34.3,0.3,0.0,0.3,0.066,4.7,-1.1,3.6,0.3,Playoffs,38.333333333333336,-0.8999999999999986,-3.1,-0.06,0.06
Tyler Herro,SG,20,MIA,55,1508,12.5,0.55,0.472,0.158,1.2,14.9,8.3,12.7,1.1,0.6,11.4,22.3,0.2,1.3,1.6,0.05,-0.4,-1.2,-1.6,0.1,2020,Regular Season,27.418181818181814,21,706,12.9,0.557,0.462,0.195,1.2,15.8,8.7,17.9,0.6,0.3,12.3,22.0,0.3,0.5,0.8,0.053,0.6,-0.8,-0.2,0.3,Playoffs,33.61904761904762,0.4000000000000003,0.1999999999999999,0.0029999999999999,0.0029999999999999
Tyrese Maxey,PG,21,PHI,75,2650,16.2,0.594,0.311,0.247,1.1,8.9,5.1,19.1,1.0,1.1,7.4,20.2,5.4,1.9,7.3,0.132,1.3,-0.7,0.6,1.8,2022,Regular Season,35.333333333333336,12,485,16.9,0.61,0.379,0.275,1.6,8.7,5.3,17.0,1.0,0.4,9.3,21.8,1.1,0.2,1.3,0.132,2.4,-0.3,2.1,0.5,Playoffs,40.41666666666666,0.6999999999999993,-1.3,0.0,0.0
Tyrese Maxey,SG,22,PHI,60,2016,17.0,0.605,0.404,0.233,1.4,8.8,5.2,16.9,1.2,0.4,7.4,24.1,3.7,1.6,5.4,0.128,1.9,-1.2,0.6,1.3,2023,Regular Season,33.6,11,423,16.8,0.55,0.443,0.161,2.4,12.4,7.3,10.5,1.9,1.3,3.7,23.4,0.6,0.4,1.0,0.117,1.9,0.4,2.2,0.5,Playoffs,38.45454545454545,-0.1999999999999993,-0.8,-0.0109999999999999,0.0109999999999999
Victor Oladipo,SG,27,IND,19,528,11.3,0.506,0.423,0.24,1.9,13.6,7.8,15.4,1.6,0.7,14.7,26.5,-0.6,0.6,0.0,0.002,-2.2,-1.1,-3.3,-0.2,2020,Regular Season,27.789473684210527,4,123,12.8,0.563,0.589,0.286,0.0,12.7,6.2,14.0,3.6,0.0,18.2,28.8,-0.2,0.1,-0.1,-0.029,-1.4,0.7,-0.7,0.0,Playoffs,30.75,1.5,0.2,-0.031,0.031
Wayne Ellington,SG,31,DET,53,1297,11.8,0.569,0.814,0.107,1.1,7.9,4.5,8.3,2.0,0.4,7.7,17.2,1.3,1.4,2.6,0.097,-0.3,0.3,0.0,0.7,2019,Regular Season,24.471698113207548,4,131,5.7,0.432,0.629,0.057,2.0,10.7,5.8,5.5,1.1,0.0,5.3,12.1,-0.1,-0.1,-0.2,-0.061,-3.5,-2.2,-5.7,-0.1,Playoffs,32.75,-6.1000000000000005,-0.7999999999999999,-0.158,0.158
Will Barton,SG,31,DEN,71,2277,13.4,0.548,0.48,0.142,2.2,14.1,8.3,17.6,1.2,1.2,11.8,20.8,1.2,1.9,3.2,0.067,0.4,-0.9,-0.5,0.9,2022,Regular Season,32.070422535211264,5,172,9.9,0.503,0.424,0.091,3.5,17.1,10.1,12.3,1.2,0.6,12.7,19.9,0.0,-0.1,-0.1,-0.027,-0.5,-2.3,-2.8,0.0,Playoffs,34.4,-3.5,-0.9,-0.094,0.094
Xavier Tillman Sr.,C,24,MEM,61,1180,17.3,0.621,0.049,0.291,10.9,16.7,13.8,10.9,2.3,2.2,11.3,13.7,2.3,1.9,4.2,0.171,0.3,1.7,1.9,1.2,2023,Regular Season,19.34426229508197,6,183,14.2,0.551,0.089,0.111,8.8,18.5,13.3,15.9,1.1,1.9,7.8,11.7,0.3,0.2,0.5,0.138,0.1,3.1,3.2,0.2,Playoffs,30.5,-3.1000000000000014,-1.0,-0.033,0.033
Zach LaVine,SG,26,CHI,67,2328,20.0,0.605,0.401,0.316,1.1,13.8,7.4,20.8,0.9,0.9,11.2,28.8,4.5,1.3,5.8,0.12,3.9,-1.5,2.4,2.6,2022,Regular Season,34.74626865671642,4,153,13.8,0.553,0.381,0.238,0.0,15.0,6.9,27.0,0.9,0.6,14.7,23.4,0.0,0.2,0.1,0.045,1.3,0.6,1.8,0.1,Playoffs,38.25,-6.199999999999999,-2.5,-0.075,0.075
